S02B00002E2E2F2E2E2F736F66742F70726F6A2F6870735F74696D65725F6972712F44656275672F6870735F84
S113000018F09FE518F09FE518F09FE518F09FE5BC
S113001018F09FE518F09FE518F09FE518F09FE5AC
S1130020B4030000C0030000CC030000D8030000A8
S1130030E403000018BB000060030000F0030000AC
S1130040240000EA84809FE5000058E380402DE905
S11300501D00000A0040A0E30050A0E370709FE57B
S1130060018048E2082097E504E097E50C6097E5F5
S113007002005EE1062082000700000A000056E349
S11300800500000A0E30A0E10300B3E80EC043E00F
S113009006005CE10300A2E8FAFFFF1A100097E5EE
S11300A0000050E30230A0110300000A3000A3E86E
S11300B0021043E0010050E1FBFFFF1A018048E217
S11300C0010078E3147087E2E5FFFF1AAF2C00EB20
S11300D001000000E0BF00003C108FE21600A0E326
S11300E0563412EF000050E3080000BA28209FE5C0
S11300F01CD09FE5080092E5000050E300D0A01159
S113010010109FE5040092E5000050E30000811503
S1130110CBFFFFEAF8FFFF3FECC9000010CB000063
S113012000D01FE5C6FFFFEAF8FFFF3F1C309FE544
S11301301C009FE5003043E0060053E31EFF2F91AF
S113014010309FE5000053E31EFF2F0113FF2FE142
S1130150FBC90000F8C900000000000024109FE55E
S113016024009FE5001041E04111A0E1A11F81E0BE
S1130170C110B0E11EFF2F0110309FE5000053E3D2
S11301801EFF2F0113FF2FE1F8C90000F8C900007A
S11301900000000010402DE92C409FE50030D4E51C
S11301A0000053E30600001ADFFFFFEB1C309FE55D
S11301B0000053E318009F150000A0110130A0E3D4
S11301C00030C4E51040BDE81EFF2FE1F8C900006F
S11301D000000000ACBB000040309FE5000053E38A
S11301E010402DE938109F1538009F150000A0110C
S11301F034009FE5003090E5000053E30100001A4D
S11302001040BDE8D4FFFFEA20309FE5000053E32F
S1130210FAFFFF0A0FE0A0E113FF2FE1F7FFFFEA67
S113022000000000FCC90000ACBB0000F8BF0000E7
S11302300000000000482DE904B08DE218D04DE222
S1130240E4009FE5560300EB5C0200EB6A0000EB60
S1130250870000EB7B0000EBD70000EBFB0000EB1A
S1130260C60000EBEB0000EB620200EBBC309FE544
S113027010300BE510301BE5003093E50310A0E1CE
S1130280AC009FE5F30200EB0030A0E308300BE57F
S1130290050000EA0010A0E308001BE5EF0100EBF5
S11302A008301BE5013083E208300BE508301BE51C
S11302B0030053E3F6FFFFDA0030A0E314300BE54C
S11302C00030A0E318300BE518305BE5000053E381
S11302D017305BE5000053E316305BE5000053E3A1
S11302E00030A0E30C300BE50B0000EA18204BE2D1
S11302F00C301BE5033082E00010D3E514204BE200
S11303000C301BE5033082E00120A0E10020C3E5AE
S11303100C301BE5013083E20C300BE50C301BE59F
S1130320030053E3F0FFFFDAE4FFFFEAB8BB000089
S1130330000020FFD0BB000000482DE904B08DE28E
S113034014009FE5160300EB970200EB0000A0E108
S113035004D04BE20048BDE81EFF2FE1E8BB0000DB
S113036004E04EE20F582DE918B08DE20CD04DE2B6
S113037034309FE5003093E520300BE520301BE559
S1130380C90053E30100001AEAFFFFEB000000EA92
S1130390FEFFFFEA14209FE520301BE5003082E5D4
S11303A00000A0E118D04BE20F98FDE80CC1FEFF5D
S11303B010C1FEFF04B02DE500B08DE2FEFFFFEAA0
S11303C004B02DE500B08DE2FEFFFFEA04B02DE598
S11303D000B08DE2FEFFFFEA04B02DE500B08DE22F
S11303E0FEFFFFEA04B02DE500B08DE2FEFFFFEA58
S11303F004B02DE500B08DE2FEFFFFEA04B02DE568
S113040000B08DE20CD04DE20730E0E308300BE59C
S1130410D230A0E30C300BE50C301BE503F029E1EE
S113042008301BE503D0A0E1D330A0E30C300BE58A
S11304300C301BE503F029E10000A0E100D04BE201
S113044004B09DE41EFF2FE104B02DE500B08DE261
S11304500CD04DE25330A0E308300BE508301BE527
S113046003F029E10000A0E100D04BE204B09DE4D8
S11304701EFF2FE100482DE904B08DE20110A0E336
S1130480C900A0E3100000EB2C309FE52C209FE571
S1130490002083E528309FE50120A0E3002083E5C8
S11304A020309FE50120A0E3002083E50000A0E1C7
S11304B004D04BE20048BDE81EFF2FE104C1FEFF5B
S11304C0FFFF000000C1FEFF00D0FEFF04B02DE5D9
S11304D000B08DE21CD04DE218000BE51C100BE5BA
S11304E018301BE5C331A0E10330C3E308300BE54A
S11304F018301BE51F3003E20C300BE50120A0E3AC
S11305000C301BE51233A0E110300BE508301BE57D
S11305104B3B43E2033C43E214300BE514301BE550
S113052014201BE5001092E510201BE5022081E158
S1130530002083E518301BE50330C3E308300BE5E6
S113054018301BE5033003E20C300BE508201BE5F3
S11305500C301BE5033082E04A3B43E214300BE5E8
S113056014301BE51C201BE5FF2002E20020C3E53C
S11305700000A0E100D04BE204B09DE41EFF2FE197
S113058000482DE904B08DE208D04DE220309FE50B
S113059008300BE50020A0E318109FE508001BE5D8
S11305A04A0000EB0000A0E104D04BE20048BDE8A3
S11305B01EFF2FE1040120FFFF03000000482DE986
S11305C004B08DE208D04DE20A30A0E305304BE5DB
S11305D034309FE50C300BE505305BE52C209FE5BE
S11305E01233A0E10120A0E30310A0E10C001BE5FD
S11305F0360000EB18009FE57E0000EB0000A0E150
S113060004D04BE20048BDE81EFF2FE1040120FFA7
S1130610FF0300005501000000482DE904B08DE2FD
S113062008D04DE220309FE508300BE50020A0E320
S11306300F16A0E308001BE5240000EB0000A0E176
S113064004D04BE20048BDE81EFF2FE1040120FF67
S113065000482DE904B08DE210D04DE264309FE5EE
S113066008300BE560309FE50C300BE50230A0E369
S11306700D304BE50330A0E30E304BE50030A0E332
S11306800F304BE50120A0E30F12E0E308001BE567
S11306900E0000EB0D305BE50F205BE50210A0E1DE
S11306A00300A0E1ED0000EB0E305BE50810A0E3D1
S11306B00300A0E1AD0000EB0000A0E104D04BE298
S11306C00048BDE81EFF2FE1240120FF200120FF88
S11306D004B02DE500B08DE214D04DE208000BE526
S11306E00C100BE50230A0E10D304BE50D305BE55D
S11306F0000053E30700001A08301BE5002093E5CF
S11307000C301BE50330E0E1032002E008301BE578
S1130710002083E5050000EA08301BE5002093E58E
S11307200C301BE5032082E108301BE5002083E543
S11307300000A0E100D04BE204B09DE41EFF2FE1D5
S113074004B02DE500B08DE20CD04DE228309FE5D9
S113075008300BE508301BE5003093E5033BA0E1CE
S1130760233BA0E10C300BE50C301BE50300A0E1BA
S113077000D04BE204B09DE41EFF2FE1000120FFF6
S113078000482DE904B08DE210D04DE210000BE5D5
S113079058309FE508300BE510301BE5010B53E39F
S11307A00200003A48009FE5FD0100EB0C0000EA5E
S11307B008301BE5003093E50C300BE50C301BE5ED
S11307C0FF3AC3E3033BC3E30C300BE510301BE5F6
S11307D00325A0E10C301BE5032082E108301BE572
S11307E0002083E504D04BE20048BDE81EFF2FE162
S11307F0000120FFF0BB000000482DE904B08DE2A9
S113080010D04DE210000BE540309FE508300BE5B9
S113081010301BE5010B53E30200003A30009FE562
S1130820DF0100EB060000EA08301BE5002093E539
S113083010301BE50335A0E1032082E108301BE5FD
S1130840002083E504D04BE20048BDE81EFF2FE101
S1130850100120FF08BC000000482DE904B08DE21F
S113086010D04DE210000BE540309FE508300BE559
S113087010301BE5010B53E30200003A30009FE502
S1130880C70100EB060000EA08301BE5002093E5F1
S113089010301BE50335A0E1032082E108301BE59D
S11308A0002083E504D04BE20048BDE81EFF2FE1A1
S11308B0140120FF08BC000000482DE904B08DE2BB
S11308C018D04DE218000BE540309FE508300BE5E9
S11308D008301BE5003093E52335A0E1033BA0E19C
S11308E0233BA0E10C300BE50C201BE518301BE585
S11308F0023023E010300BE510001BE59FFFFFEBF7
S11309000000A0E104D04BE20048BDE81EFF2FE147
S1130910000120FF04B02DE500B08DE214D04DE2BB
S113092010000BE540309FE508300BE508301BE56F
S1130930003093E5232AA0E110301BE53233A0E117
S1130940013003E20C300BE50C301BE5000053E3EF
S11309500130A0030030A013FF3003E20300A0E144
S113096000D04BE204B09DE41EFF2FE1000120FF04
S113097000482DE904B08DE210D04DE210000BE5E3
S113098014100BE5CC309FE50C300BE510301BE563
S1130990030053E303F19F97180000EAAC09000039
S11309A0B8090000D0090000E80900007F30A0E386
S11309B008300BE5140000EAFE3DA0E308300BE527
S11309C014301BE58333A0E114300BE50E0000EA7C
S11309D07F39A0E308300BE514301BE50337A0E1B1
S11309E014300BE5080000EAFE36A0E308300BE5FE
S11309F014301BE5833AA0E114300BE5020000EA51
S1130A0054009FE5660100EB0F0000EA0C301BE583
S1130A10002093E508301BE50330E0E1032002E009
S1130A200C301BE5002083E50C301BE5002093E52A
S1130A3014301BE50310E0E108301BE5013003E04E
S1130A40032082E10C301BE5002083E504D04BE257
S1130A500048BDE81EFF2FE1200120FF24BC000058
S1130A6000482DE904B08DE208D04DE208000BE502
S1130A700C100BE50C301BE50F0053E30200009A49
S1130A8028009FE5460100EB050000EA20209FE5D1
S1130A900C301BE5033192E70310A0E108001BE5CD
S1130AA0B2FFFFEB04D04BE20048BDE81EFF2FE18C
S1130AB050BC000000C0000000482DE904B08DE2E5
S1130AC018D04DE218000BE5E4309FE50C300BE53F
S1130AD018301BE5030053E303F19F972C0000EA51
S1130AE0F00A0000000B0000140B0000740B00005F
S1130AF00C301BE5003093E57F3003E2280000EA68
S1130B000C301BE5003093E5A333A0E17F3003E212
S1130B10230000EA0C301BE5003093E50330E0E1EC
S1130B202337A0E17F3003E210300BE50030A0E36F
S1130B3008300BE50A0000EA78209FE508301BE541
S1130B40032192E710301BE5030052E10100001A73
S1130B5008301BE5120000EA08301BE5013083E28F
S1130B6008300BE508301BE50F0053E3F1FFFFDA13
S1130B700B0000EA0C301BE5003093E50330E0E1A4
S1130B80A33AA0E17F3003E210300BE510301BE5FF
S1130B90030000EA20009FE5010100EB0030E0E3E0
S1130BA0FFFFFFEA0300A0E104D04BE20048BDE8E8
S1130BB01EFF2FE1200120FF00C0000024BC000024
S1130BC000482DE904B08DE2160000EB0100A0E31B
S1130BD02C0000EB0000A0E3490000EB10009FE5AF
S1130BE0660000EB0000A0E104D04BE20048BDE841
S1130BF01EFF2FE1A025260004B02DE500B08DE2F4
S1130C001C209FE518309FE5003093E5013083E315
S1130C10003082E50000A0E100D04BE204B09DE486
S1130C201EFF2FE10800D0FF04B02DE500B08DE2D7
S1130C3014309FE50020A0E3002083E50000A0E13C
S1130C4000D04BE204B09DE41EFF2FE10800D0FF6A
S1130C5000482DE904B08DE2F2FFFFEB0000A0E1B3
S1130C6004D04BE20048BDE81EFF2FE100482DE907
S1130C7004B08DE2DFFFFFEB0000A0E104D04BE203
S1130C800048BDE81EFF2FE100482DE904B08DE2C5
S1130C9008D04DE20030A0E105304BE505305BE5BE
S1130CA0000053E30200000A010053E30600000AB7
S1130CB00B0000EA40209FE53C309FE5003093E5BF
S1130CC00230C3E3003082E5070000EA28209FE5F4
S1130CD024309FE5003093E5023083E3003082E561
S1130CE0010000EA14009FE5AD0000EB0000A0E164
S1130CF004D04BE20048BDE81EFF2FE10800D0FFFE
S1130D0084BC000000482DE904B08DE208D04DE217
S1130D100030A0E105304BE505305BE5000053E30E
S1130D200200000A010053E30600000A0B0000EA77
S1130D3040209FE53C309FE5003093E50430C3E359
S1130D40003082E5070000EA28209FE524309FE573
S1130D50003093E5043083E3003082E5010000EACB
S1130D6014009FE58E0000EB0000A0E104D04BE2EC
S1130D700048BDE81EFF2FE10800D0FF98BC00002A
S1130D8004B02DE500B08DE20CD04DE208000BE577
S1130D9010209FE508301BE5003082E500D04BE2CF
S1130DA004B09DE41EFF2FE10000D0FF04B02DE548
S1130DB000B08DE210309FE5003093E50000A0E123
S1130DC000D04BE204B09DE41EFF2FE1A400D0FF4D
S1130DD00030A0E310402DE90010A0E10320A0E1C1
S1130DE00300A0E19D0900EB1040BDE81EFF2FE1C8
S1130DF010402DE90010A0E30040A0E1D60900EB6B
S1130E0018309FE5000093E53C3090E5000053E383
S1130E100FE0A01113FF2F110400A0E1942900EBAF
S1130E20B4BC00000E002DE904E02DE508D04DE22D
S1130E3010C08DE20C30A0E10C209DE5081090E577
S1130E4004C08DE5740000EB08D08DE204E09DE45D
S1130E500CD08DE21EFF2FE10F002DE904E02DE5FB
S1130E600CD04DE2831400EB14C08DE210209DE5FC
S1130E70081090E50C30A0E104C08DE5660000EB9D
S1130E800CD08DE204E09DE410D08DE21EFF2FE132
S1130E9030402DE90050A0E124D04DE20100A0E152
S1130EA00140A0E1440000EB01C0A0E30210A0E374
S1130EB0383095E5E4209FE5000053E30CE080E042
S1130EC010308DE210408DE514008DE50CE08DE5C9
S1130ED0084095E51CC08DE508108DE518208DE5CA
S1130EE004308DE52A00000A643094E5FC20D4E146
S1130EF0010013E30238A0E11D00001A020413E309
S1130F002338A0E11600000A020A13E364309405B2
S1130F10022A8203023AC303BC20C401643084055C
S1130F200500A0E104208DE20410A0E1D61200EB3C
S1130F30643094E5000050E30A50A0030050E0132D
S1130F40010013E30200001ABC30D4E1020C13E3E5
S1130F500900000A0500A0E124D08DE23040BDE87C
S1130F601EFF2FE1580084E2E72800EBFC20D4E1C7
S1130F700238A0E12338A0E1E2FFFFEA580084E24E
S1130F80DF2800EB0500A0E124D08DE23040BDE86D
S1130F901EFF2FE10500A0E10C1100EBD1FFFFEAD9
S1130FA0B8BC000010402DE90040A0E1311400EB72
S1130FB00410A0E11040BDE8B4FFFFEA0310C0E351
S1130FC0030010E2000060E2043091E404C080E217
S1130FD08CC1A0E10020E0E3323C831101C0A0E316
S1130FE00CC48CE10CC88CE10C2043E00320C2E16A
S1130FF08C2312E00430910404008002F9FFFF0AFC
S1131000FF0013E301008012FF0C13130100801290
S1131010FF081313010080121EFF2FE1F04F2DE98A
S113102043DF4DE20350A0E101A0A0E10240A0E1B2
S11310300060A0E124008DE5141400EB003090E57D
S11310400300A0E15C308DE5DBFFFFEB000056E31D
S113105058008DE538508DE50200000A383096E5D9
S1131060000053E3DB00000A64309AE5FC20DAE177
S1131070010013E30238A0E1B000001A020413E3F4
S11310802338A0E1A900000A020A13E30600001AAB
S113109064309AE5022A82E3023AC3E3BC20CAE13F
S11310A00228A0E164308AE52238A0E1080013E3B5
S11310B0A400000A10209AE5000052E3A100000AEF
S11310C01A2003E20A0052E3A700000A0030A0E35A
S11310D004B0A0E150308DE54C308DE554308DE501
S11310E068308DE56C308DE528308DE560308DE518
S11310F064308DE5C8908DE29C308DE598308DE5A7
S1131100083F9FE594908DE52CA08DE5108083E247
S11311100030DBE5250053E3000053130B40A0E14E
S11311201300000A0130F4E5000053E325005313D3
S1131130FBFFFF1A0B5054E00D00000A98309DE5A8
S11311409C209DE5013083E2070053E3052082E003
S113115000B089E5045089E598308DE59C208DE543
S1131160089089D2930000CA28309DE5053083E0B9
S113117028308DE50030D4E5000053E34703000A2E
S11311800020A0E300A0E0E30230A0E17720CDE559
S11311900200A0E134208DE518208DE50250A0E185
S11311A001B084E20120D4E50A60A0E101C0A0E31B
S11311B02BE0A0E32040A0E301B08BE2201042E248
S11311C0580051E301F19F97680200EA701600008D
S11311D0701B0000701B0000301A0000701B000020
S11311E0701B0000701B0000701B0000701B0000CF
S11311F0701B000014140000581A0000701B00003B
S11312003C14000028180000701B0000441A000061
S11312108416000084160000841600008416000062
S11312208416000084160000841600008416000052
S113123084160000701B0000701B0000701B00006F
S1131240701B0000701B0000701B0000701B00006E
S1131250701B0000701B0000701B0000381700009A
S1131260901A0000701B0000901A0000701B000010
S1131270701B0000701B0000701B0000141800009D
S1131280701B0000701B0000681A0000701B000037
S1131290701B0000701B0000701B0000701B00001E
S11312A07C1A0000701B0000701B0000AC160000CC
S11312B0701B0000701B0000701B0000701B0000FE
S11312C0701B0000701B0000701B0000701B0000EE
S11312D0701B0000701B0000E4190000C01900001E
S11312E0901A0000901A0000901A0000D019000013
S11312F0C0190000701B0000701B0000C41800001F
S1131300701B0000F0180000501400006818000062
S113131038190000701B00004C190000701B0000FD
S113132028160000701B0000701B0000AC180000A1
S113133058008AE2F42700EBFC20DAE10238A0E14D
S11313402338A0E14FFFFFEA0A10A0E124009DE545
S1131350EC0700EB000050E32100001ABC30DAE196
S11313601A2003E20A0052E357FFFF1AFE20DAE1D3
S1131370000052E354FFFFBA64209AE5010012E32F
S11313800200001A020C13E358008A02DC27000B47
S11313900530A0E10420A0E10A10A0E124009DE5AD
S11313A0A40700EB28008DE528009DE543DF8DE2CE
S11313B0F04FBDE81EFF2FE194208DE22C109DE537
S11313C024009DE5BC1B00EB000050E3BB03001AA6
S11313D0C8908DE263FFFFEA24009DE5FB0F00EB5C
S11313E020FFFFEA64309AE5010013E30200001ACB
S11313F0BC30DAE1020C13E3E605000A0030E0E356
S113140028308DE528009DE543DF8DE2F04FBDE8EF
S11314101EFF2FE138209DE5001092E5042082E2B2
S1131420000051E334108DE538208DE5050000AA55
S113143034209DE5002062E234208DE518209DE5EE
S1131440042082E318208DE50020DBE559FFFFEA44
S113145044208DE518309DE5205013E2DF04001A86
S113146018309DE5103013E238209D155104001A00
S113147018209DE5405012E238209DE54D04000AF5
S11314800070A0E3B060D2E1042082E238208DE550
S11314900020A0E330208DE57720CDE501007AE33C
S11314A0C200000A075086E1000055E300005A0319
S11314B018209DE58020C2E30150A0130050A00332
S11314C01C208DE57F03001A000053E33303001A48
S11314D018309DE5015013E23003000A3030A0E3D8
S11314E0422F8DE2413062E540208DE505005AE14E
S11314F00A30A0A10530A0B120308DE50030A0E372
S113150048308DE530309DE5000053E30200000AC9
S113151020309DE5013083E220308DE51C309DE5CF
S1131520023013E218308DE520309D15023083120D
S113153020308D151C309DE5843013E23C308DE560
S1131540AE01001A34309DE520209DE5026043E0A1
S1131550000056E3A90100DA100056E3540600DA4D
S113156098208DE2140092E80930A0E10410A0E173
S11315700690A0E11070A0E30560A0E124409DE581
S11315802C509DE5020000EA109049E2100059E356
S1131590140000DA012082E2700A9FE5070052E39A
S11315A0101081E2810083E898208DE59C108DE580
S11315B0083083D2F3FFFFDA94208DE20510A0E116
S11315C00400A0E13C1B00EB000050E39103001A6F
S11315D0109049E2100059E3C8308DE29C109DE55B
S11315E098209DE5EAFFFFCA0650A0E10140A0E172
S11315F00960A0E10390A0E1012082E20C3A9FE59A
S1131600044086E0070052E398208DE59C408DE578
S1131610480089E8700100CA7730DDE5089089E266
S113162030308DE5760100EA44208DE518309DE5E3
S1131630200013E39F04001A18309DE5100013E303
S1131640E203001A18309DE538209DE5400013E3BD
S11316500230A0E1DF03000AB060D2E1042082E29C
S11316600130A0E338208DE50070A0E387FFFFEA96
S1131670000050E30020DBE50C30A0010400A001D1
S1131680CCFEFFEA0010A0E3307042E20120DBE46C
S1131690011181E0811087E0307042E2090057E3D4
S11316A0F9FFFF9A34108DE5C3FEFFEA000053E30F
S11316B05C399FE544208DE57700CD1568308DE5D4
S11316C018309DE5200013E36A04001A18309DE5E4
S11316D0100013E33405001A18309DE5400013E3AD
S11316E00070A0130070A00338309DE5B060D311E2
S11316F000609305043083120430830238308D1562
S113170038308D0518209DE5010012E34303000ADB
S1131710073096E14103000A3030A0E34410DDE5D0
S1131720022082E37830CDE57910CDE518208DE5EF
S11317300230A0E355FFFFEA000053E318309DE5B3
S1131740103083E344208DE57700CD1518308DE506
S113175018309DE5200013E34D04001A18309DE570
S1131760100013E31605001A18309DE5400013E33A
S11317707C04000A38309DE5F060D3E1043083E254
S1131780C67FA0E138308DE50620A0E10730A0E156
S1131790000052E30030D3E26B0400BA7730DDE599
S11317A001007AE330308DE50130A0E33CFFFF1AFD
S11317B0010053E3C602000A020053E3C8108D126D
S11317C05C02001AC8308DE20320A0E168C09DE5E8
S11317D02632A0E1073E83E12702A0E10F1006E2D2
S11317E00070A0E10360A0E10130DCE7071096E19E
S11317F0013062E5F5FFFF1A0230A0E140208DE5DB
S113180018209DE51C208DE5C8208DE2035042E0A0
S113181035FFFFEA18209DE5082082E318208DE5B6
S11318200020DBE563FEFFEA0020DBE52A0052E34B
S113183001108BE26106000A307042E2090057E3AE
S113184001B0A0E105A0A0E15BFEFF8A0120DBE47A
S11318500AA18AE08AA087E0307042E2090057E3D7
S1131860F9FFFF9A54FEFFEA7830A0E33020A0E3AA
S113187038109DE518009DE57930CDE544308DE5BF
S1131880043081E238308DE588379FE5020080E33B
S113189068308DE5006091E518008DE57820CDE590
S11318A00070A0E30230A0E3F8FEFFEA000053E377
S11318B060379FE544208DE57700CD1568308DE5D0
S11318C07EFFFFEA0020DBE56C0052E318209D0553
S11318D018109D15202082031010811318208D05E7
S11318E018108D150120DB0501B08B0231FEFFEAD3
S11318F0000053E318309DE57700CD15200013E375
S11319002B05001A18309DE5100013E3AB00001AF4
S113191018309DE5400013E3A800000A38209DE537
S1131920003092E5042082E238208DE5B822DDE122
S1131930B020C3E1F5FDFFEA18209DE5202082E3F5
S113194018208DE50020DBE51AFEFFEA0040A0E345
S113195038309DE544208DE5002093E5040052E1F4
S113196040208DE57740CDE5046083E27005000AF0
S113197001007AE33805000A0A20A0E10410A0E17E
S113198040009DE50C1400EB000050E39505000AAF
S113199004A0A0E140309DE5035040E018309DE5EF
S11319A01C308DE5C53FC5E120308DE57730DDE5A0
S11319B038608DE548A08DE530308DE5D0FEFFEA36
S11319C0000053E344208DE57700CD155FFFFFEA67
S11319D018209DE5402082E318208DE50020DBE5FA
S11319E0F4FDFFEA0030A0E344208DE50120A0E3EC
S11319F038009DE50250A0E120208DE530308DE5D2
S1131A00002090E518C09DE57730CDE503A0A0E166
S1131A1048308DE5043080E238308DE5A0308DE229
S1131A201CC08DE5A020CDE540308DE5BAFEFFEA6F
S1131A3018209DE5012082E318208DE50020DBE5D8
S1131A40DCFDFFEA18209DE5802082E318208DE567
S1131A500020DBE5D7FDFFEA0020DBE50C30A0E148
S1131A600E00A0E1D3FDFFEA18309DE5103083E3BA
S1131A7044208DE518308DE575FEFFEA18309DE5AC
S1131A80103083E344208DE518308DE5E6FEFFEA4F
S1131A90000053E318309DE57700CD15080013E3EB
S1131AA038309DE544208DE5076083E23104000A67
S1131AB00730C6E3082083E238208DE5002093E553
S1131AC0043093E550208DE554308DE554309DE588
S1131AD050509DE50241C3E30500A0E10410A0E1DC
S1131AE00020E0E330359FE5772500EB000050E36C
S1131AF0A403001A0500A0E10410A0E10020E0E323
S1131B0014359FE55E2500EB000050E39D03001AA9
S1131B1060209DE550009DE564309DE554109DE5F1
S1131B20512500EB000050E38F04001A7730DDE507
S1131B3030308DE50330A0E318109DE58010C1E33B
S1131B401C108DE544109DE50350A0E120308DE587
S1131B50C8349FE5470051E3C4249FE500A0A0E3F7
S1131B600320A0D148A08DE540208DE564FEFFEA66
S1131B7044208DE544109DE5000053E37700CD1526
S1131B80000051E3C500000A0030A0E30120A0E3F7
S1131B90A010CDE518109DE530308DE57730CDE50A
S1131BA003A0A0E148308DE5A0308DE20250A0E111
S1131BB020208DE51C108DE540308DE556FEFFEAB2
S1131BC038209DE5003092E5042082E238208DE53E
S1131BD028209DE5002083E54CFDFFEA94208DE25A
S1131BE02C109DE524009DE5B31900EB000050E3A3
S1131BF0B201001A7730DDE530308DE5C8908DE212
S1131C009C409DE530309DE5000053E30B00000A45
S1131C100120A0E398309DE5023083E0070053E300
S1131C20024084E098308DE577308DE2042089E528
S1131C30003089E59C408DE5089089D2B10100CA45
S1131C4018309DE5000053E30B00000A0220A0E3D6
S1131C5098309DE5013083E2070053E3024084E0BD
S1131C6098308DE578308DE2042089E5003089E5EF
S1131C709C408DE5089089D2AB0100CA3C309DE5BB
S1131C80800053E34801000A05A04AE000005AE33B
S1131C90310000DA10005AE398309DD51E0000DAB6
S1131CA00420A0E11060A0E398309DE524709DE538
S1131CB02C409DE5020000EA10A04AE210005AE31D
S1131CC0140000DA013083E2070053E3102082E2BB
S1131CD0008089E5046089E598308DE59C208DE5D8
S1131CE0089089D2F3FFFFDA94208DE20410A0E17A
S1131CF00700A0E1701900EB000050E37F01001A17
S1131D0010A04AE210005AE3C8908DE29C209DE5A1
S1131D1098309DE5EAFFFFCA0240A0E1013083E26A
S1131D20070053E30A4084E0000589E898308DE514
S1131D309C408DE5089089D2070000DA94208DE25A
S1131D402C109DE524009DE55B1900EB000050E399
S1131D505A01001A9C409DE5C8908DE21C309DE517
S1131D60010C13E35F00001A98309DE540209DE5C7
S1131D70013083E2054084E0070053E39C408DE595
S1131D80240089E898308DE5990100CA089089E219
S1131D901C309DE5040013E33300000A34309DE554
S1131DA020209DE5025043E0000055E32E0000DAB8
S1131DB0100055E398309DD51C0000DA1060A0E3B4
S1131DC098309DE524709DE52CA09DE5020000EA75
S1131DD0105045E2100055E3140000DA013083E2AC
S1131DE028229FE5070053E3104084E2440089E879
S1131DF098308DE59C408DE5089089D2F3FFFFDA99
S1131E0094208DE20A10A0E10700A0E12A1900EB5A
S1131E10000050E32700001A105045E298308DE28C
S1131E20100055E3C8908DE2180093E8EAFFFFCA5A
S1131E30013083E2070053E398308DE5CC319FE510
S1131E40054084E09C408DE5280089E8060000DA1E
S1131E5094208DE22C109DE524009DE5161900EBDD
S1131E60000050E31501001A9C409DE528309DE5D3
S1131E7034209DE520109DE5010052E1023083A04D
S1131E80013083B0000054E328308DE50501001AC9
S1131E900030A0E3C8908DE298308DE59BFCFFEA0A
S1131EA09C309DE5000053E32CA09DE55704001AE7
S1131EB00030A0E398308DE564309AE5010013E327
S1131EC0BC30DAE10100001A020C13E3C701000A76
S1131ED0400013E348FDFF1A28009DE543DF8DE22F
S1131EE0F04FBDE81EFF2FE144309DE5650053E34C
S1131EF04F0000DA60209DE550009DE564309DE5CB
S1131F0054109DE5522400EB000050E34501000A03
S1131F100120A0E398309DE508119FE5023083E09D
S1131F20024084E0070053E3001089E5042089E5BA
S1131F309C408DE598308DE5089089D28E0300CAC7
S1131F407C309DE54C209DE5020053E1020000BA7F
S1131F501C309DE5010013E37300000A98308DE204
S1131F60180093E858209DE5013083E25C109DE55C
S1131F70070053E3044082E0060089E898308DE5C9
S1131F809C408DE5089089D2910300CA4C309DE5B0
S1131F90015043E2000055E37CFFFFDA100055E3F3
S1131FA07A0100DA1060A0E398309DE524709DE585
S1131FB02CA09DE5020000EA105045E2100055E314
S1131FC0730100DA013083E2070053E3104084E236
S1131FD0008089E5046089E598308DE59C408DE5B5
S1131FE0089089D2F3FFFFDA94208DE20A10A0E171
S1131FF00700A0E1B01800EB000050E3ADFFFF1AAA
S113200098308DE2C8908DE2180093E8E9FFFFEA6A
S1132010BCBC0000ECBC000000BD0000FFFFEF7F73
S1132020DCBC0000E0BC00001CBD00006766666606
S113203014BD00004C309DE5010053E3C50100DAF6
S11320400130A0E398509DE540209DE5035085E0D4
S1132050034084E0070055E3002089E5043089E566
S11320609C408DE598508DE5089089D2D10100CA35
S113207058309DE5015085E25C209DE5070055E35D
S1132080044083E00C0089E898508DE59C408DE580
S1132090089089D2D90100CA60209DE550009DE5D1
S11320A064309DE554109DE5E92300EB000050E306
S11320B01401001A4C309DE540209DE5015085E255
S11320C0013043E2012082E2034084E0070055E34B
S11320D098508DE5002089E59C408DE5043089E524
S11320E0DA0100CA089089E26C209DE5015085E27E
S11320F0044082E084308DE2070055E398508DE57A
S11321009C408DE5042089E5003089E51EFFFFDA57
S113211094208DE22C109DE524009DE5661800EBCB
S1132120000050E36500001AC8908DE29C409DE5D4
S113213016FFFFEA0210A0E1A621A0E1872E82E1AA
S1132140A701A0E1073006E20070A0E10260A0E16F
S1132150303083E2072096E1013041E5012041E27D
S1132160F3FFFF1A18009DE5300053E30000A003BD
S113217001000012000050E30703000A3030A0E31E
S113218018009DE5021041E21C008DE5C8008DE2B7
S113219040108DE5015040E0013042E5D2FCFFEAF9
S11321A0C8308DE240308DE5CFFCFFEA34309DE548
S11321B020209DE5026043E0000056E3B1FEFFDA13
S11321C0100056E398309DD5240000DA0920A0E1E0
S11321D00410A0E10690A0E11070A0E30560A0E166
S11321E098309DE524409DE52C509DE5020000EAD1
S11321F0109049E2100059E3140000DA013083E240
S1132200070053E3101081E2008082E5047082E548
S113221098308DE59C108DE5082082D2F3FFFFDA1B
S113222094208DE20510A0E10400A0E1221800EB47
S1132230000050E37700001A109049E2100059E3BF
S1132240C8208DE29C109DE598309DE5EAFFFFCA09
S11322500650A0E10140A0E10960A0E10290A0E1E4
S1132260013083E2070053E3064084E0008089E5FF
S1132270046089E598308DE59C408DE5089089D20D
S113228080FEFFDA94208DE22C109DE524009DE56C
S1132290091800EB000050E30800001AC8908DE212
S11322A09C409DE577FEFFEA94208DE22C109DE58D
S11322B024009DE5001800EB000050E3F3FEFF0A44
S11322C02CA09DE5FBFEFFEA010053E318208DE5F9
S11322D038FDFF1A000057E3090056037D01008A08
S11322E0422F8DE2306086E218109DE5416062E580
S11322F01C108DE50350A0E140208DE57AFCFFEA37
S113230004A0A0E1EBFEFFEA94208DE22C109DE5F1
S113231024009DE5E81700EB000050E3E7FFFF1AF7
S1132320C8908DE29C409DE544FEFFEA94208DE236
S11323302C109DE524009DE5DF1700EB000050E321
S1132340DEFFFF1AC8908DE29C409DE54AFEFFEA3D
S11323500120A0E398309DE538131FE5023083E0A7
S1132360024084E0070053E3001089E5042089E576
S11323709C408DE598308DE5089089D20F0300CA02
S11323804C309DE5053093E10200001A1C309DE5B8
S1132390010013E37DFEFF0A98309DE558209DE57A
S11323A0013083E25C109DE5044082E0070053E3C2
S11323B0060089E89C408DE598308DE5089089D227
S11323C0360300CA000055E3170300BA013083E264
S11323D04C209DE5070053E398308DE540309DE5A2
S11323E0044082E09C408DE5003089E5042089E5C5
S11323F065FEFFDA94208DE22C109DE524009DE516
S1132400AD1700EB000050E3ACFFFF1A9C409DE5C4
S1132410C8908DE25DFEFFEA05A0A0E1A5FEFFEAFB
S11324200230A0E319FCFFEA7C509DE5000055E36F
S1132430C6FFFFDA48309DE54C209DE5020053E1DC
S11324400350A0B10250A0A1000055E3090000DA36
S113245098309DE540209DE5013083E2054084E00D
S1132460070053E3240089E89C408DE598308DE50E
S1132470089089D2A30200CA48309DE5000055E3C4
S1132480053043A0000053E30350A0E16C0000DAE0
S1132490100053E398309DD5580000DA1060A0E393
S11324A098309DE524709DE52CA09DE5020000EA8E
S11324B0105045E2100055E3500000DA013083E289
S11324C0070053E3104084E2008089E5046089E555
S11324D098308DE59C408DE5089089D2F3FFFFDAB2
S11324E094208DE20A10A0E10700A0E1721700EB2E
S11324F0000050E36FFEFF1A98308DE2C8908DE221
S1132500180093E8E9FFFFEA4C309DE5016043E2DF
S1132510000056E3F3FEFFDA100056E3C30000DACE
S113252018B08DE51070A0E306B0A0E124A09DE5ED
S11325302C609DE5020000EA10B04BE210005BE362
S1132540B80000DA015085E2070055E3104084E248
S1132550008089E5047089E598508DE59C408DE5FF
S1132560089089D2F3FFFFDA94208DE20610A0E1EF
S11325700A00A0E1501700EB000050E36A02001AC1
S1132580C8908DE29C409DE598509DE5E9FFFFEAE7
S113259098309DE5013083E2054084E0070053E371
S11325A098308DE59C408DE5008089E5045089E5EF
S11325B0F5FDFFDA8EFFFFEA006092E5042082E277
S11325C00530A0E138208DE50070A0E3AFFBFFEA01
S11325D038209DE50230A0E1042082E2006093E50A
S11325E00070A0E30130A0E338208DE5A7FBFFEAEB
S11325F058008AE2422300EBBC30DAE133FEFFEA02
S1132600013083E2070053E3054084E0008089E55C
S1132610045089E598308DE59C408DE5089089D279
S1132620070000DA94208DE22C109DE524009DE53E
S1132630211700EB000050E320FFFF1A9C409DE5AA
S1132640C8908DE27C209DE54C309DE5030052E16D
S11326505E0100AA98309DE558109DE5013083E2A3
S11326605C009DE5014084E0070053E3030089E832
S11326709C408DE598308DE5089089D2820100CA8E
S11326804C309DE548009DE5022043E0005043E0C6
S1132690020055E10250A0A1000055E30B0000DA4E
S11326A098109DE540C09DE5011081E200308CE06A
S11326B0054084E0070051E3003089E5045089E5D2
S11326C09C408DE598108DE5089089D2620100CA7E
S11326D0000055E30250A0B1055042A0000055E3AC
S11326E0AAFDFFDA100055E3A8FFFFDA1060A0E3AB
S11326F098309DE524709DE52CA09DE5020000EA3C
S1132700105045E2100055E3A1FFFFDA013083E2E7
S1132710070053E3104084E2008089E5046089E502
S113272098308DE59C408DE5089089D2F3FFFFDA5F
S113273094208DE20A10A0E10700A0E1DE1600EB70
S1132740000050E3DBFDFF1A98308DE2C8908DE263
S1132750180093E8E9FFFFEA1C309DE5010013E34C
S113276036FEFF1A0130A0E398509DE540209DE518
S1132770035085E0034084E0070055E39C408DE569
S1132780002089E598508DE5043089E554FEFFDA90
S113279094208DE22C109DE524009DE5C61600EBE7
S11327A0000050E3C5FEFF1AC8908DE29C409DE5F1
S11327B098509DE54BFEFFEA94208DE22C109DE598
S11327C024009DE5BC1600EB000050E3BBFEFF1A9D
S11327D0C8908DE29C409DE598509DE523FEFFEA5C
S11327E038309DE5076083E20730C6E3082083E2C2
S11327F0C00093E838208DE50030A0E323FBFFEA16
S113280094208DE22C109DE524009DE5AA1600EB92
S1132810000050E3A9FEFF1AC8908DE29C409DE59C
S113282098509DE51BFEFFEA0B60A0E118B09DE502
S1132830015085E2064084E0070055E398508DE599
S11328409C408DE5008089E5046089E524FEFFDA7B
S113285094208DE22C109DE524009DE5961600EB56
S1132860000050E395FEFF1A9C409DE598509DE5BD
S1132870C8908DE21BFEFFEA38309DE5076083E2D5
S11328800730C6E3082083E238208DE5C00093E8D2
S11328909BFBFFEA38309DE5076083E20760C6E3EF
S11328A00C0096E8081086E238108DE50260A0E17D
S11328B00370A0E1B5FBFFEA38309DE5076083E2D1
S11328C00730C6E3082083E2C00093E838208DE592
S11328D00130A0E3EDFAFFEAC8308DE21C908DE5EB
S11328E00A40A0E30050A0E30390A0E10600A0E1A9
S11328F00710A0E10420A0E10530A0E1172200EBBD
S1132900302082E2012069E50600A0E10710A0E181
S11329100530A0E10420A0E1102200EB0060A0E15A
S11329200170A0E1073096E1EFFFFF1A0930A0E142
S113293018208DE240908DE5040292E81C208DE57C
S1132940C8208DE2035042E0E7FAFFEA2D30A0E30D
S1132950006076E27730CDE530308DE50070E7E257
S11329600130A0E3CCFAFFEA38109DE5006091E560
S1132970041081E2C67FA0E10620A0E10730A0E1B7
S113298038108DE581FBFFEA50C09DE50C20A0E1E5
S11329900C00A0E154C09DE50C30A0E10C10A0E1B6
S11329A0C92100EB000050E3DC01001A44309DE52E
S11329B001007AE32050C3E306A0A003BC00000A90
S11329C0470055E300005A03B900001A54309DE54E
S11329D0006053E218309DE5013C83E31C308DE533
S11329E0610100BA4750A0E301A0A0E330008DE5E7
S11329F050709DE50200A0E38C108DE201048DE887
S1132A0010108DE580008DE27C108DE20C008DE5C8
S1132A100720A0E10630A0E108108DE524009DE523
S1132A20B60300EB470055E340008DE5F101001AC1
S1132A3018309DE5010013E3A301000A40309DE531
S1132A400A4083E064309DE560209DE50700A0E135
S1132A500610A0E17E2100EB000050E30430A01139
S1132A600900001A8C309DE5040053E10600002A99
S1132A703010A0E3012083E28C208DE50010C3E533
S1132A808C309DE5030054E1F9FFFF8A40209DE569
S1132A90470055E3023043E04C308DE50701001A4E
S1132AA07C309DE5030073E30320A0E148308DE50D
S1132AB00030A0A30130A0B30A0052E103A0A0D1CA
S1132AC001A083C300005AE3E800000A44309DE5F6
S1132AD0023043E244308DE548309DE54420DDE595
S1132AE0013043E2000053E38420CDE52D20A0B360
S1132AF02B20A0A37C308DE548309DB5013063B216
S1132B00090053E393C08DC28520CDE50C00A0C11C
S1132B10330000CA3020A0E3023083E08620CDE5F4
S1132B208730CDE588308DE24C109DE584208DE220
S1132B30023043E0010051E36C308DE5035081E045
S1132B40990100DA58309DE5035085E0C53FC5E1A1
S1132B5020308DE50030A0E348308DE530309DE530
S1132B60000053E3B700001A03A0A0E17730DDE5CD
S1132B7030308DE562FAFFEA0760C6E3003096E57F
S1132B8050308DE5043096E554308DE5083086E20A
S1132B9038308DE5CCFBFFEA58008AE2D82100EBFF
S1132BA00030E0E328308DE515FAFFEA38309DE582
S1132BB0006093E5043083E238308DE50070A0E3D3
S1132BC0CFFAFFEA38309DE5006093E5EAFAFFEAC0
S1132BD01C309DE5010013E3A8FEFF0A9CFEFFEAFA
S1132BE00200A0E1C02B1FE59312C2E0C31FA0E1C5
S1132BF0421161E0012181E0822043E0302082E241
S1132C00090051E3012040E50130A0E1012040E248
S1132C10F2FFFFCA303081E2020040E2FF1003E21B
S1132C2000005CE1011042E57401009A86008DE227
S1132C300230A0E1000000EA0110D3E40C0053E1EB
S1132C400110C0E4FBFFFF1A013083E2023043E0CD
S1132C5086208DE2033082E0B2FFFFEA94208DE209
S1132C602C109DE524009DE5931500EB000050E336
S1132C7092FDFF1A7C209DE54C309DE5C8908DE2C5
S1132C809C409DE5022043E090FEFFEA94208DE203
S1132C902C109DE524009DE5871500EB000050E312
S1132CA086FDFF1AC8908DE27C209DE59C409DE541
S1132CB072FEFFEA54309DE5006053E218309DE552
S1132CC0013C83E31C308DE5A90000BA0030A0E389
S1132CD050709DE530308DE5460055E34500001AFF
S1132CE003E0A0E38CC08DE27C108DE280008DE2D5
S1132CF00720A0E10630A0E100E08DE510C08DE5DD
S1132D000C008DE508108DE504A08DE524009DE5FB
S1132D10FA0200EB00C0A0E10040DCE530C044E270
S1132D2000407CE240008DE564309DE560209DE537
S1132D300700A0E10610A0E10C40A4E0C42000EBD1
S1132D40000050E30130A0E30030A013030014E1BD
S1132D5001306A127C308D157C309D0540209DE544
S1132D600A3083E0034082E035FFFFEA2D30A0E320
S1132D7030308DE57730CDE56DFBFFEA94208DE2B0
S1132D802C109DE524009DE54B1500EB000050E35D
S1132D904AFDFF1AC8908DE268FCFFEA18309DE5F1
S1132DA01C308DE5C8308DE2025043E040208DE5B3
S1132DB0CDF9FFEA38309DE528209DE5001093E524
S1132DC0043083E238308DE5C23FA0E10C0081E895
S1132DD0CEF8FFEA94208DE22C109DE524009DE5B9
S1132DE0351500EB000050E334FDFF1AC8908DE266
S1132DF09C409DE564FCFFEA450055E3FCFEFF1A98
S1132E000200A0E38C108DE200008DE510108DE52A
S1132E1080008DE27C108DE201408AE20C008DE599
S1132E200720A0E10630A0E104408DE508108DE5FF
S1132E3024009DE5B10200EB40008DE540309DE5A6
S1132E40044083E0FEFEFFEA2D30A0E300A0A0E3EF
S1132E507730CDE530308DE5ACF9FFEA40009DE5F3
S1132E6055F8FFEB04A0A0E10050A0E1CAFAFFEA84
S1132E704C209DE548309DE5030052E1420000CA24
S1132E8018209DE5010012E348309D1558209D153A
S1132E9002508310C53FC511C32FC3010350A001C5
S1132EA020308D156730A0E320208D0544308DE55A
S1132EB029FFFFEA98208DE2140092E8CDF9FFEA99
S1132EC044309DE5650053E3C70000DA44309DE5D6
S1132ED0660053E37C309DE548308DE5E3FFFF1A3F
S1132EE0000053E3A50000DA00005AE39C00001A36
S1132EF018209DE5010012E39900001A20308DE5A9
S1132F000350A0E114FFFFEA94208DE22C109DE50C
S1132F1024009DE5E81400EB000050E3E7FCFF1AF1
S1132F20C8908DE29C409DE552FDFFEA06A0A0E119
S1132F30E0FBFFEA06005AE30A30A0310630A02382
S1132F4018109DE520308DE50350A0E1243F1FE5D6
S1132F5002A0A0E138608DE51C108DE530208DE5E0
S1132F6048208DE540308DE565F9FFEA4750A0E340
S1132F7001A0A0E354309DE5026183E22D30A0E37B
S1132F8050709DE530308DE552FFFFEA48309DE5F5
S1132F9058209DE5000053E34C309DE5025083E04A
S1132FA048309DD5013063D2035085D0C53FC5E17B
S1132FB020308DE56730A0E344308DE5E6FEFFEA7E
S1132FC094208DE22C109DE524009DE5BA1400EBBD
S1132FD0000050E3B9FCFF1AC8908DE27C509DE5D7
S1132FE09C409DE5E5FCFFEA18309DE51C308DE52D
S1132FF07730DDE50A50A0E120A08DE538608DE54D
S113300000A0A0E148008DE530308DE53CF9FFEAF1
S113301024009DE594208DE20A10A0E1A61400EBA3
S1133020000050E3A1FBFF0AA2FBFFEA100075E3D6
S1133030005065E2260000AA1060A0E324709DE51C
S11330402CA09DE5020000EA105045E2100055E373
S11330501F0000DA013083E2070053E3104084E2EA
S1133060008089E5046089E598308DE59C408DE514
S1133070089089D2F3FFFFDA94208DE20A10A0E1D0
S11330800700A0E18C1400EB000050E389FBFF1A59
S113309098308DE2C8908DE2180093E8E9FFFFEACA
S11330A094208DE22C109DE524009DE5821400EB14
S11330B0000050E381FCFF1A98308DE2C8908DE245
S11330C07C509DE5180093E8BDFCFFEA8C309DE53B
S11330D06DFEFFEA013083E2054084E0070053E31C
S11330E0008089E5045089E598308DE59C408DE5A4
S11330F0089089E2B4FCFFDA94208DE22C109DE55F
S113310024009DE56C1400EB000050E36BFCFF1AF7
S113311098308DE2C8908DE2180093E8AAFCFFEA8B
S11331200330A0E318109DE58010C1E31C108DE569
S113313044109DE50350A0E120308DE5C4309FE5A7
S1133140470051E3C0209FE500A0A0E30320A0D1E5
S11331507730DDE548A08DE540208DE530308DE504
S1133160E7F8FFEA48309DE558209DE5025083E0EA
S11331700A5085E0C53FC5E120308DE576FEFFEAC3
S113318000005AE30200001A18309DE5010013E321
S11331901300000A58309DE5015083E20A5085E08F
S11331A0C53FC5E120308DE56BFEFFEA18309DE593
S11331B0013013E248308DE5EDFFFF0A60FEFFEABF
S11331C038709DE500A097E50120DBE506005AE193
S11331D001B0A0E1041087E206A0A0B138108DE58B
S11331E0F4F7FFEA0130A0E343FFFFEA7C309DE5FA
S11331F048308DE537FEFFEA0A40A0E10EFFFFEA02
S113320086308DE247FEFFEAE4BC0000E8BC000023
S113321070402DE90150A0E10260A0E10040A0E16E
S1133220940B00EB0630A0E10520A0E10410A0E11E
S11332307040BDE878F7FFEAF0412DE90140A0E1D4
S113324001CBA0E300E0A0E30260A0E10070A0E1F4
S11332500380A0E146DE4DE2BE30D4E108D04DE269
S1133260BC10D1E1BE30CDE1643094E51C2094E57E
S11332700210C1E364308DE5243094E5BC10CDE147
S113328058008DE268108DE208C08DE514C08DE50C
S11332901C208DE524308DE518E08DE500108DE5CA
S11332A010108DE5122000EB0620A0E10830A0E10B
S11332B00D10A0E10700A0E157F7FFEB006050E21A
S11332C0040000BA0D10A0E10700A0E1A90700EB7B
S11332D0000050E30060E013BC30DDE1400013E384
S11332E0BC30D41140308313BC30C41158008DE27B
S11332F0012000EB0600A0E146DE8DE208D08DE25D
S1133300F041BDE81EFF2FE170402DE90050A0E11F
S11333100140A0E1570B00EB003050E20200000A2C
S1133320383093E5000053E33400000AFC20D4E174
S11333300238A0E1020713E32338A0E10C00000ADD
S1133340100094E5000050E31400000A012013E289
S11333501B00001A020013E314209405000050E33C
S1133360082084E50000A0131D00000A7040BDE899
S11333701EFF2FE1100013E33200000A040013E3E0
S11333802000001A100094E5082082E3BC20C4E168
S1133390000050E30228A0E12238A0E1EAFFFF1A6E
S11333A00A2D03E2020C52E3E7FFFF0A0500A0E145
S11333B00410A0E1710B00EBBC30D4E1100094E5E3
S11333C0E1FFFFEA0020A0E3143094E5000050E39D
S11333D0003063E2183084E5082084E50000A0137F
S11333E0E1FFFF1AFC30D4E1800013E34030831383
S11333F0BC30C4110000E0137040BDE81EFF2FE193
S1133400F20700EBC8FFFFEA301094E5000051E337
S11334100700000A403084E2030051E10200000A80
S11334200500A0E1E00800EBFC20D4E10030A0E3BB
S1133430303084E50030A0E3100094E52420C2E39A
S1133440090084E8CFFFFFEA0930A0E3402082E3CB
S1133450003085E50000E0E3BC20C4E1C2FFFFEAE0
S1133460F0412DE90050A0E1E0009FE50280A0E1D9
S11334700370A0E10160A0E1A31F00EBD0309FE541
S1133480004093E5483194E5000053E3533F840240
S1133490042093E5483184051F0052E3010082D2E1
S11334A00F0000DAAC309FE5000053E32300000A6C
S11334B0190EA0E30000A0E1003050E21F00000A52
S11334C00010A0E30100A0E30120A0E148C194E5BD
S11334D0041083E500C083E5483184E5881183E561
S11334E08C1183E5000055E30700001A022082E2F4
S11334F0040083E554009FE5026183E7801F00EB2D
S11335000000A0E3F041BDE81EFF2FE10110A0E39D
S113351002E183E088808EE588C193E51112A0E181
S113352001C08CE188C183E508718EE5020055E392
S11335308CC1930501108C018C118305EAFFFFEA0D
S113354008009FE56E1F00EB0000E0E3ECFFFFEADC
S113355018CA0000B4BC000000000000F04F2DE9C0
S11335600190A0E300A0A0E314D04DE204008DE597
S11335705C019FE50160A0E1631F00EB54319FE50E
S1133580003093E508308DE5523F83E20C308DE541
S113359008309DE5487193E5000057E33D00000ABB
S11335A00C809DE508B0A0E1044097E5015054E289
S11335B001408452044187500700005A260000EA63
S11335C0003194E5030056E10500000A015045E28C
S11335D0010075E3044044E21F00000A000056E3C2
S11335E0F6FFFF1A043097E5013043E2050053E18A
S11335F0003094E50450870500A08415000053E3CF
S1133600F1FFFF0A881197E51925A0E1010012E1F5
S1133610048097E52400000A8C1197E5010012E16B
S11336202400001A801094E504009DE50FE0A0E159
S113363013FF2FE1043097E5080053E1D3FFFF1A8D
S113364000309BE5070053E1D0FFFF1A015045E22B
S1133650010075E3044044E2DFFFFF1A78309FE580
S1133660000053E30B00000A043097E5000053E325
S11336701400001A003097E5000053E30500000A27
S11336800700A0E100308BE50000A0E100709BE59D
S1133690000057E3C3FFFF1A34009FE5181F00EB37
S11336A014D08DE2F04FBDE81EFF2FE10FE0A0E142
S11336B013FF2FE1DEFFFFEA800094E50FE0A0E1B5
S11336C013FF2FE1DAFFFFEA07B0A0E1007097E5EE
S11336D0EEFFFFEA18CA0000B4BC000000000000BE
S11336E010402DE908009FE5011F00EB1040BDE8E4
S11336F01EFF2FE118CA000018309FE5000053E3B5
S11337001EFF2F0110402DE90C009FE5AFF5FFEBE4
S11337101040BDE81EFF2FE1C4BF00006456000046
S1133720F04F2DE9103090E5105091E5030055E17C
S113373014D04DE20000A0C36C0000CA015045E261
S1133740144081E204108DE5051194E7149080E2A1
S11337500070A0E1011081E2050199E7431B00EB31
S11337600531A0E108308DE5038084E0006050E27B
S1133770033089E00C308DE52F00000A0000A0E33F
S113378004B0A0E10010A0E109A0A0E10020A0E1A4
S113379064E19FE504009BE40E3000E0962322E000
S11337A02008A0E12238A0E1963020E000C09AE58C
S11337B00E3002E0033041E00E200CE00E1000E079
S11337C0023083E02C1861E0431881E00E3003E0FE
S11337D0013883E10B0058E104308AE44118A0E188
S11337E02028A0E1EAFFFF2A08309DE5033099E78D
S11337F0000053E31000001A0C209DE5043042E25F
S1133800030059E10B00002A043012E5000053E3E1
S11338100800001A083042E2030000EA002093E5A1
S1133820000052E3043043E20200001A030059E1AD
S1133830015045E2F8FFFF3A105087E504109DE57A
S11338400700A0E1610F00EB000050E3260000BA7E
S113385009E0A0E10030A0E39CC09FE5016086E29E
S1133860041094E400009EE50C2001E0022043E0F3
S11338702138A0E10C1000E0012082E0203863E050
S1133880423883E00C2002E0032882E1040058E17E
S113389004208EE44338A0E1F0FFFF2A053199E7C4
S11338A0000053E3053189E00F00001A042043E2CD
S11338B0020059E10B00002A042013E5000052E342
S11338C00800001A083043E2030000EA002093E5F0
S11338D0000052E3043043E20200001A030059E1FD
S11338E0015045E2F8FFFF3A105087E50600A0E1D9
S11338F014D08DE2F04FBDE81EFF2FE1FFFF000062
S1133900F04F2DE9401090E55CD04DE2000051E30A
S11339100040A0E102A0A0E103B0A0E18C509DE52D
S11339200600000A0130A0E3442090E51332A0E130
S11339300C0081E9750D00EB0030A0E3403084E514
S113394000005BE30130A0B30030A0A30B90A0E122
S1133950003085B5003085A5B0339FE50291CBB327
S113396009B0A0B10930D3E11300000A0020A0E39C
S11339700030A0E30A00A0E10B10A0E1B41D00EBAD
S1133980008050E22700000A0130A0E390209DE56A
S1133990000052E388209DE5003082E59E00000A85
S11339A06C039FE590309DE5000083E5010040E253
S11339B05CD08DE2F04FBDE81EFF2FE154339FE54C
S11339C088209DE500005AE3003082E50D00001ACE
S11339D0FF94C9E30F96C9E3000059E30900001AF4
S11339E090309DE530039FE5000053E308308012DA
S11339F0EEFFFF0A90209DE5003082E55CD08DE269
S1133A00F04FBDE81EFF2FE190309DE50C039FE5CC
S1133A10000053E303308012E4FFFF0A90209DE589
S1133A20003082E5F4FFFFEA50208DE254308DE24D
S1133A3004208DE500308DE50A20A0E10B30A0E1E3
S1133A400400A0E1B80F00EB295AB0E114008DE5A1
S1133A506700001A50809DE554509DE5055088E0AC
S1133A60433E85E2023083E2200053E3410E85C2E7
S1133A70403063C21993A0C1209063D2020080C277
S1133A803A0089C11A09A0D1D71B00EB0130A0E389
S1133A9020308DE5015045E21F1641E20020A0E3ED
S1133AA07C329FE50B1B00EB923F8FE20C0093E806
S1133AB00D1C00EB913F8FE20C0093E8061B00EB1A
S1133AC00060A0E10500A0E10170A0E1CF1B00EBC4
S1133AD0233E8FE20C0093E8031C00EB0020A0E1DE
S1133AE00130A0E10600A0E10710A0E1FA1A00EB02
S1133AF00060A0E10170A0E1811D00EB0020A0E3C3
S1133B0008008DE50030A0E30600A0E10710A0E165
S1133B10551D00EB000050E32E01001A08609DE5DE
S1133B20160056E30630A0E10130A0832C308D85C9
S1133B300C00008AFC319FE5863183E00A20A0E175
S1133B40030093E80B30A0E1591D00EB000050E3A3
S1133B500620A0110130421208308D150030A01348
S1133B602C008D052C308D15055048E0013055E2B0
S1133B700C308DE50130654218308D450030A0537E
S1133B800030A04318308D550C308D4508309DE52C
S1133B90000053E3060100BA0C209DE530308DE5AA
S1133BA0032082E00030A0E30C208DE528308DE571
S1133BB080309DE5090053E31900008A050053E3B2
S1133BC00150A0D30050A0C3043043C280308DC53F
S1133BD080309DE5023043E2030053E303F19F97F5
S1133BE0090100EA38440000EC4000006844000089
S1133BF098480000FF34CBE30F36C3E3FF5F45E290
S1133C00FF1583E320808DE50A00A0E1035045E21F
S1133C10031681E350809DE59FFFFFEA04019FE5C1
S1133C2062FFFFEA0010A0E30400A0E1441084E571
S1133C3080108DE5920C00EB0030E0E334308DE52C
S1133C401C308DE50130A0E380109DE510008DE56A
S1133C5084108DE5400084E524308DE554309DE5E5
S1133C600320E0E108109DE50E0051E3A22FA0E13E
S1133C700020A0C3000052E33200000A1C509DE55E
S1133C80000055E30020A0C30120A0D384109DE5CB
S1133C90A0309FE5A12F12E008209DE5823183E04A
S1133CA0000393E8F201000A1C609DE5000056E35E
S1133CB05F04001A0020A0E370309FE50800A0E133
S1133CC00910A0E1881B00EB0A20A0E10B30A0E161
S1133CD0F11C00EB000050E3C902000A1C609DE5E2
S1133CE020608DE584309DE50330E0E110509DE5D2
S1133CF008308DE5940000EA61436F63A787D23FE3
S1133D00B3C8608B288AC63FFB799F501344D33FC6
S1133D100000F07F1DBD00000F27000020BD000043
S1133D202CBD00000000F83F1CBD00000000F03F67
S1133D300000144030BE000040BD000000002440DC
S1133D4000001C400000E03F24209DE5000052E3F9
S1133D50C300001A24309DE528609DE518509DE5B8
S1133D6020308DE50C209DE5000055E3000052C392
S1133D700230A0E1070000DA020055E10530A0B1ED
S1133D8018109DE5035045E0031041E0033042E084
S1133D9018108DE50C308DE528309DE5000053E3C7
S1133DA01600000A24309DE5000053E39602000A41
S1133DB0000056E30E0000DA20109DE50620A0E185
S1133DC00400A0E1860D00EB14709DE50010A0E155
S1133DD020008DE50720A0E10400A0E10C0D00EB1C
S1133DE00030A0E10710A0E10400A0E114308DE54B
S1133DF0460C00EB28309DE5062053E08302001AB0
S1133E000110A0E30400A0E1F80C00EB30309DE5C4
S1133E10000053E30060A0E16B0200DA0010A0E1AF
S1133E200320A0E10400A0E16D0D00EB80309DE5CE
S1133E30010053E30060A0E1730300DA0070A0E323
S1133E40103096E5033186E0100093E5A90C00EBF1
S1133E50200060E20C209DE5020080E01F0010E2DB
S1133E600E02000A203060E2040053E32B0400DA5F
S1133E7018309DE51C0060E2003083E018308DE5C9
S1133E80003082E00C308DE5005085E018309DE56F
S1133E90000053E3040000DA0320A0E114109DE5C0
S1133EA00400A0E18F0D00EB14008DE50C309DE5BE
S1133EB0000053E3040000DA0610A0E10320A0E1AF
S1133EC00400A0E1870D00EB0060A0E12C309DE52B
S1133ED0000053E3B502001A1C309DE580209DE5E7
S1133EE0000053E30130A0D30030A0C3020052E32A
S1133EF00030A0D3000053E3F101000A1C309DE51B
S1133F00000053E376FFFF1A0610A0E10520A0E3AA
S1133F100400A0E1040C00EB0010A0E10060A0E1AB
S1133F2014009DE5A90D00EB000050E36CFFFFDADF
S1133F303130A0E308209DE5012082E208208DE5D0
S1133F4010209DE50030C2E5015082E20610A0E198
S1133F500400A0E1ED0B00EB20309DE5000053E3ED
S1133F600200000A20109DE50400A0E1E70B00EB2D
S1133F7014109DE50400A0E1E40B00EB0020A0E395
S1133F8090109DE508309DE50020C5E5020051E153
S1133F9088209DE5013083E2003082E51803000AA1
S1133FA010009DE5005081E55CD08DE2F04FBDE846
S1133FB01EFF2FE10030A0E318209DE530308DE591
S1133FC008309DE5032042E0003063E218208DE5CF
S1133FD028308DE5F5FEFFEA08909DE50900A0E193
S1133FE08A1A00EB0130A0E10020A0E10710A0E153
S1133FF00600A0E1161C00EB000050E30930A0010C
S11340000130430208308D05C3FEFFEA0050A0E3EF
S11340100400A0E1445084E50510A0E1980B00EBF6
S113402008209DE554309DE50E0052E30020A0C316
S11340300120A0D3050053E10020A0B3050052E104
S113404010008DE5400084E5B703001A0010E0E39A
S113405084208DE50120A0E334108DE51C108DE54E
S113406024208DE580209DE5010052E3400300DA21
S11340701C309DE5016043E228309DE5060053E1D4
S113408028309DB530209DB5033046B0033082B052
S1134090066043A030308DB51C309DE528608DB599
S11340A00060A0B3000053E318309DB51C209DB5FB
S11340B0025043B00030A0B318509DA51C309DA5FC
S11340C018209DE5032082E018208DE50C209DE555
S11340D00110A0E3033082E00400A0E10C308DE580
S11340E0420C00EB20008DE51DFFFFEA0030A0E349
S11340F024308DE508309DE584209DE5023083E081
S113410034308DE5013083E2010053E30300A0A1C4
S11341100100A0B30E0053E30050A08301500592A8
S11341201C308DE50010A0E3170050E3441084E533
S11341300800009A0120A0E30430A0E30210A0E1EB
S11341408330A0E1142083E2000052E1012081E2E7
S1134150F9FFFF9A441084E50400A0E1480B00EB4A
S1134160000055E310008DE5400084E5BAFEFF0A27
S11341700A80A0E10B90A0E108109DE5000051E346
S113418038808DE53C908DE5A50100DA5C241FE5BF
S11341900F3001E24152A0E1833182E0100015E3C7
S11341A0C00093E89101000A7C341FE50A00A0E1F5
S11341B00B10A0E1203083E20C0093E8EE1A00EB30
S11341C00390A0E300A0A0E101B0A0E10F5005E23C
S11341D0000055E30C00000AAC841FE5010015E360
S11341E00600000A0600A0E10710A0E10C0098E810
S11341F03D1A00EB0060A0E10170A0E1019089E2AA
S1134200C550B0E1088088E2F3FFFF1A0A00A0E17C
S11342100B10A0E10620A0E10730A0E1D61A00EBC4
S113422000A0A0E101B0A0E12C309DE5000053E323
S11342300600000A0020A0E314351FE50A00A0E1EF
S11342400B10A0E1881B00EB000050E38802001A69
S11342500900A0E1ED1900EB0A20A0E10B30A0E178
S1134260211A00EB2C351FE50020A0E31A1900EBFE
S11342701C309DE5000053E30080A0E10D9541E270
S1134280F000000A08309DE544308DE51C309DE5C2
S113429040308DE524309DE5000053E38001000AA1
S11342A040209DE574351FE5823183E00C0013E95D
S11342B00000A0E378151FE5AF1A00EB0820A0E189
S11342C00930A0E1031900EB0080A0E10190A0E116
S11342D00A00A0E10B10A0E1891B00EB0050A0E153
S11342E0CA1900EB0020A0E10130A0E10A00A0E11E
S11342F00B10A0E1F71800EB305085E2FFA005E2B7
S113430010509DE50020A0E100A0C5E50130A0E12A
S11343100060A0E10170A0E10800A0E10910A0E1A3
S1134320631B00EB000050E3015085E23E00001ADD
S11343300620A0E10730A0E10000A0E318161FE565
S1134340E41800EB0020A0E10130A0E10800A0E1A6
S11343500910A0E1561B00EB000050E39002001A84
S113436040209DE5010052E3C900000A10309DE59C
S113437040209DE502B083E00B0000EA0620A0E1A6
S11343800730A0E10000A0E364161FE5D11800EB9C
S11343900820A0E10930A0E1331B00EB000050E34A
S11343A07F02001A05005BE1B900000A0800A0E1E1
S11343B00910A0E10020A0E384361FE5CA1900EB30
S11343C00020A0E390361FE50080A0E10190A0E169
S11343D00600A0E10710A0E1C31900EB0170A0E101
S11343E00060A0E1461B00EB00A0A0E1871900EBF0
S11343F00020A0E10130A0E10600A0E10710A0E147
S1134400B41800EB30A08AE2FFA00AE201A0C5E4E0
S11344100820A0E10930A0E10060A0E10170A0E162
S1134420111B00EB000050E3D3FFFF0A44309DE56D
S113443008308DE5CDFEFFEA0030A0E324308DE5A1
S113444084309DE5000053E3020200DA0E0053E3DA
S11344500050A083015005920300A0E134308DE5A3
S11344601C308DE52EFFFFEA0130A0E324308DE5FA
S1134470F2FFFFEA0820A0E10930A0E10A00A0E170
S11344800B10A0E13C1A00EB1D1B00EB0A60A0E13D
S113449000A0A0E15D1900EB0820A0E10930A0E133
S11344A0911900EB0020A0E10130A0E10600A0E199
S11344B00B10A0E1871800EB10E09DE5010055E327
S11344C030C08AE20020A0E10130A0E100C0CEE5C6
S11344D001508EE22F00000A0020A0E3A8371FE558
S11344E0811900EB0020A0E30030A0E30060A0E10C
S11344F00170A0E1D61A00EB000050E39BFEFF1A06
S11345000C408DE510B09DE51C409DE5090000EAD6
S11345100020A0E3E0371FE5731900EB0020A0E3BF
S11345200030A0E30060A0E10170A0E1C81A00EB34
S1134530000050E31802001A0820A0E10930A0E1AD
S11345400600A0E10710A0E10B1A00EBEC1A00EB47
S113455000A0A0E12D1900EB0820A0E10930A0E1A2
S1134560611900EB0020A0E10130A0E10600A0E108
S11345700710A0E1571800EB30C08AE201C0C5E47F
S11345800BC045E004005CE10020A0E10130A0E1A3
S1134590DEFFFF1A0C409DE50200A0E10310A0E13C
S11345A04D1800EB0020A0E10130A0E10060A0E183
S11345B00170A0E10800A0E10910A0E1AA1A00EB33
S11345C0000050E30800001A0620A0E10730A0E133
S11345D00800A0E10910A0E19D1A00EB000050E3DF
S11345E062FEFF0A01001AE360FEFF0A01A055E51E
S11345F0013045E210209DE5020000EA030052E18B
S1134600B701000A01A073E539005AE3015083E2BF
S1134610F9FFFF0A01A08AE200A0C3E553FEFFEA06
S11346200900A0E1F91800EB0A20A0E10B30A0E199
S11346302D1900EB0020A0E300391FE5261800EB3C
S11346400080A0E10D9541E20A00A0E10B10A0E179
S11346500020A0E32C391FE51E1800EB0820A0E180
S11346600930A0E100A0A0E101B0A0E1901A00EBA4
S1134670006050E26100001A0820A0E1023189E2E2
S11346800A00A0E10B10A0E1771A00EB000050E350
S113469092FDFF1A38B08DE2000C9BE86EFDFFEA34
S11346A01C00A0E318309DE5003083E018308DE550
S11346B00C309DE5003083E0005085E00C308DE542
S11346C0F1FDFFEA24309DE5000053E3E700001A02
S11346D010B09DE50090A0E30B50A0E10A80A0E398
S11346E014A09DE51C709DE5050000EA0A10A0E1F8
S11346F00930A0E10820A0E10400A0E10A0A00EBCF
S113470000A0A0E10610A0E10A00A0E103FCFFEB79
S1134710300080E20100C5E40B3045E0030057E1BE
S1134720F1FFFFCA10509DE51C309DE50070A0E12B
S1134730010053E3035085A0015085B20090A0E32B
S113474014A08DE514109DE50120A0E30400A0E170
S1134750640B00EB0610A0E114008DE59B0B00EB4D
S1134760000050E3A80100DA012055E5013045E2DC
S113477010109DE5020000EA030051E17501000AF2
S1134780012073E5390052E3015083E2F9FFFF0A87
S1134790012082E20020C3E50610A0E10400A0E1AC
S11347A0DA0900EB20309DE5000053E3EFFDFF0A3A
S11347B0000059E303005911E9FDFF0A0910A0E1C3
S11347C00400A0E1D10900EBE5FDFFEA80309DE59E
S11347D0010053E3C10100DA0070A0E330309DE52D
S11347E0000053E30100A00399FDFF0A93FDFFEAD3
S11347F038B08DE2000C9BE80290A0E373FEFFEA60
S11348000060A0E320608DE5C8FDFFEA28209DE557
S113481014109DE50400A0E1F10A00EB14008DE5FD
S113482076FDFFEA3601000A08309DE5005063E298
S1134830003B1FE50F2005E2823183E00C0093E882
S113484038108DE2030091E8A71800EB4552B0E15F
S113485000A0A0E101B0A0E10290A0E371FEFF0A74
S1134860346B1FE5010015E30600000A0A00A0E10D
S11348700B10A0E10C0096E89B1800EB00A0A0E14F
S113488001B0A0E1019089E2C550B0E1086086E280
S1134890F3FFFF1A63FEFFEA0130A0E324308DE545
S11348A013FEFFEA40609DE5781B1FE5861181E059
S11348B00820A0E10930A0E1030011E98A1800EB07
S11348C048008DE54C108DE50B10A0E10A00A0E135
S11348D00B1A00EB0050A0E14C1800EB0130A0E1F2
S11348E00020A0E10B10A0E10A00A0E1791700EB81
S11348F010309DE5305085E2010056E30050C3E5D9
S11349000080A0E10190A0E1015083E21900000AB7
S113491000A0A0E310309DE540209DE5E8BB1FE525
S1134920027083E00A20A0E10B30A0E10800A0E1BE
S11349300910A0E16C1800EB0190A0E10080A0E157
S1134940EF1900EB0060A0E1301800EB0020A0E1BB
S11349500130A0E10800A0E10910A0E15D1700EB1F
S1134960306086E20160C5E4050057E10080A0E103
S11349700190A0E1EAFFFF1A0020A0E3403C1FE5FC
S113498048108DE2030091E8531700EB0820A0E1E2
S11349900930A0E1B41900EB000050E3DC00000A88
S11349A044309DE508308DE501A055E50FFFFFEA91
S11349B00610A0E114009DE5040B00EB000050E399
S11349C044FDFFAA0030A0E314109DE50A20A0E3F3
S11349D00400A0E1540900EB24309DE5000053E3FA
S11349E008309DE5013043E214008DE508308DE583
S11349F00E00001A34209DE580109DE5000052E36E
S1134A000230A0E10130A0D30030A0C3020051E382
S1134A100030A0D3000053E30230A0011C308D0508
S1134A202AFFFF0A34309DE51C308DE532FDFFEA94
S1134A300030A0E30A20A0E320109DE50400A0E1DB
S1134A40390900EB80309DE534209DE5020053E3F5
S1134A500130A0C30030A0D3000052E30030A0C353
S1134A60000053E320008DE51C208D05ECFFFF1AA8
S1134A70000055E3040000DA0520A0E120109DE5C4
S1134A800400A0E1970A00EB20008DE5000057E345
S1134A9020809D05E900001A1C309DE510209DE54D
S1134AA0013043E2033082E01C308DE501300AE23C
S1134AB00670A0E10250A0E118308DE520909DE53C
S1134AC014609DE5080000EA170900EB0810A0E156
S1134AD00090A0E10030A0E30A20A0E30400A0E1DC
S1134AE0110900EB0080A0E10A50A0E10710A0E149
S1134AF00600A0E109FBFFEB0910A0E100A0A0E182
S1134B000600A0E1B10A00EB0820A0E100B0A0E19A
S1134B100710A0E10400A0E1C40A00EB0C2090E51A
S1134B20000052E330208AE20030A0E10C208DE541
S1134B303100001A0010A0E114008DE50600A0E188
S1134B40A20A00EB0020A0E114309DE50310A0E1CF
S1134B500400A0E114208DE5EC0800EB80309DE515
S1134B6014209DE5033092E10200001A18309DE5FF
S1134B70000053E3DC00000A00005BE38B0000BA92
S1134B8080309DE503309BE10200001A18309DE55A
S1134B90000053E38500000A000052E3B80000CA95
S1134BA01C309DE5050053E10C30DDE501A085E2F4
S1134BB00030C5E50A50A0E1BD00000A0610A0E1DE
S1134BC00030A0E30A20A0E30400A0E1D60800EB33
S1134BD0080059E10060A0E10910A0E10030A0E361
S1134BE00A20A0E30400A0E1B6FFFF1ACE0800EB00
S1134BF00090A0E10080A0E1BAFFFFEA0120A0E359
S1134C00D1FFFFEA10009DE568FBFFEA00005AE3CC
S1134C1089FCFF1AFF34CBE30F36C3E3000053E3F0
S1134C20ECFEFF1A0271CBE3277AA0E1077AA0E138
S1134C30000057E3E8FEFF0A18309DE5013083E2E7
S1134C4018308DE50C309DE5013083E20C308DE5A4
S1134C500170A0E3E0FEFFEA0130A0E30010A0E34E
S1134C6034308DE5441084E584308DE51C308DE5C9
S1134C7038FDFFEA1C309DE5000053E367FEFF0AA0
S1134C8034509DE5000055E381FEFFDA0020A0E3E7
S1134C905C3F1FE50A00A0E10B10A0E1921700EBB6
S1134CA000A0A0E101B0A0E1010089E2571700EBE8
S1134CB00A20A0E10B30A0E18B1700EB843F1FE535
S1134CC00020A0E3841600EB08309DE5013043E2A8
S1134CD00080A0E144308DE50D9541E240508DE522
S1134CE06BFDFFEA3020A0E310109DE50020C1E534
S1134CF008209DE5012082E208208DE501A055E50C
S1134D0043FEFFEA38B08DE2000C9BE80290A0E37A
S1134D1044FDFFEA48308DE20C0093E80000A0E374
S1134D20E41F1FE56B1600EB0820A0E10930A0E1A9
S1134D30DF1800EB000050E30100001A54FEFFEA04
S1134D400350A0E1013055E5300053E3013045E262
S1134D50FAFFFF0AB4FDFFEA3130A0E308209DE525
S1134D60012082E208208DE510209DE50030C2E597
S1134D7088FEFFEA20209DE5000052E350309D05A7
S1134D80433E83120330831228609D1528609D05DD
S1134D903630630218509DE5C8FCFFEA0C409DE5DF
S1134DA072FCFFEA44309DE508308DE50FFEFFEA12
S1134DB0000052E30610A0E114608DE520908DE51B
S1134DC00760A0E10C709DE50A0000DA0120A0E371
S1134DD00400A0E1C30900EB0610A0E114008DE576
S1134DE0FA0900EB000050E3480000DA390057E309
S1134DF03400000A31708AE220909DE50070C5E518
S1134E0020808DE5015085E262FEFFEA0300001A6E
S1134E10010017E30100000A52FEFFEA0350A0E17B
S1134E20013055E5300053E3013045E2FAFFFF0A53
S1134E3058FEFFEA0060A0E320608DE5A8FBFFEACE
S1134E4020709DE50400A0E1041097E50C0800EB38
S1134E500050A0E1102097E5022082E20221A0E1A7
S1134E600C1087E20C0080E2170700EB0510A0E1AC
S1134E700120A0E30400A0E19A0900EB0080A0E176
S1134E8004FFFFEA14608DE50760A0E10C709DE566
S1134E90390057E320908DE50A00000A017087E28B
S1134EA00070C5E520909DE5015085E220808DE5E8
S1134EB038FEFFEA14608DE520808DE50760A0E1EF
S1134EC00C709DE51EFEFFEA3920A0E320909DE5CD
S1134ED00020C5E520808DE5015085E222FEFFEA31
S1134EE000005AE33BFEFF1A49FFFFEA14608DE518
S1134EF00760A0E10C709DE5390057E320908DE533
S1134F00F0FFFF0A00005BE3B9FFFFCAB9FFFFEA45
S1134F10B8FFFF1A010017E3B6FFFF0AB2FFFFEA6A
S1134F203C006012D8FBFF0ADDFDFFEA0030E0E33D
S1134F3084508DE51C308DE54FFBFFEAFC30D1E158
S1134F400328A0E1020712E3F0412DE90150A0E19A
S1134F500080A0E13400001A042091E5023B83E3C1
S1134F60000052E3BC30C1E1500000DA284095E56E
S1134F70000054E35000000A0020A0E30338A0E13D
S1134F80010203E22078B0E1006098E52338A0E153
S1134F90002088E55E00000A502095E5040013E334
S1134FA00500000A301095E5043095E5000051E352
S1134FB0032042E03C309515032042100030A0E36A
S1134FC01C1095E50800A0E10FE0A0E114FF2FE11B
S1134FD0010070E33B00000A0010A0E3FC30D5E1BF
S1134FE0102095E5023BC3E3010A13E3BC30C5E19D
S1134FF0041085E5002085E54300001A301095E58E
S1135000000051E3006088E52B00000A403085E28F
S1135010030051E10800A011E301001B0000A0E31C
S1135020300085E5F041BDE81EFF2FE1106091E5F9
S1135030000056E32000000A2228A0E1030012E346
S11350400030A013004091E514309105064044E07F
S1135050000054E3006081E5083081E5030000CAE4
S1135060150000EA000054E3006086E0120000DA54
S11350700430A0E1247095E50620A0E11C1095E51C
S11350800800A0E10FE0A0E117FF2FE1000050E3CA
S1135090004044E0F2FFFFCA0000E0E3BC30D5E189
S11350A0403083E3BC30C5E1F041BDE81EFF2FE191
S11350B03C2091E5000052E3ABFFFFCA0000A0E3EF
S11350C0F041BDE81EFF2FE1001098E51D0051E3FB
S11350D0F0FFFF8A98309FE53331E0E1013013E2BD
S11350E0ECFFFF1AFC20D5E110C095E5022BC2E3CA
S11350F0010A12E3043085E5BC20C5E100C085E562
S1135100BDFFFF0A000051E3BBFFFF1A500085E515
S1135110B9FFFFEA0720A0E10130A0E31C1095E5E8
S11351200800A0E10FE0A0E114FF2FE1010070E30B
S11351300020A0E10200000ABC30D5E1284095E53A
S113514095FFFFEA003098E5000053E3F9FFFF0AFA
S1135150160053E31D005313BC30D51140308313A4
S1135160006088050700A0010200A011BC30C51131
S1135170CCFFFFEA0100402070402DE9004050E2DE
S11351800150A0E10200000A383094E5000053E326
S11351901500000AFC00D5E1000050E30040A00126
S11351A00E00000A643095E5010013E30100001AC3
S11351B0020C10E31300000A0400A0E10510A0E1B2
S11351C05DFFFFEB643095E5010013E30040A0E1CF
S11351D00200001ABC30D5E1020C13E30400000AFB
S11351E00400A0E17040BDE81EFF2FE1770000EB52
S11351F0E7FFFFEA580085E2411800EB0400A0E154
S11352007040BDE81EFF2FE1580085E23E1800EB18
S1135210E8FFFFEA10402DE9004050E20300000AD5
S1135220940300EB0410A0E11040BDE8D1FFFFEAB5
S113523010309FE510109FE5000093E56A0300EB32
S11352401040BDE81EFF2FE1B4BC000078510000FF
S113525010402DE908109FE5630300EB1040BDE802
S11352601EFF2FE1EC9700000030A0E310402DE971
S11352700040A0E1BC10C0E1BE20C0E1003080E5E8
S1135280043080E5083080E5643080E5103080E546
S1135290143080E5183080E50310A0E10820A0E375
S11352A05C0080E29F0600EB2C009FE52C109FE53C
S11352B02C209FE52C309FE5200084E51C4084E5EC
S11352C0241084E5282084E52C3084E5580084E209
S11352D0071800EB1040BDE81EFF2FE134810000E9
S11352E070810000C8810000F8810000643090E5FE
S11352F0010013E30200001ABC30D0E1020C13E3F6
S11353000100000A0000A0E31EFF2FE110402DE978
S1135310580080E2FC1700EB0000A0E31040BDE859
S11353201EFF2FE1643090E5010013E30200001A30
S1135330BC30D0E1020C13E30100000A0000A0E33A
S11353401EFF2FE110402DE9580080E2EC1700EB1E
S11353500000A0E31040BDE81EFF2FE1012041E260
S113536070402DE9824082E0042182E08241A0E184
S11353700160A0E1741084E2BB0300EB005050E232
S11353800600000A0010A0E30C0085E2046085E535
S1135390682084E2001085E5080085E5610600EBDD
S11353A00500A0E17040BDE81EFF2FE110402DE98B
S11353B010309FE510109FE5000093E50A0300EB11
S11353C01040BDE81EFF2FE1B4BC0000EC970000C4
S11353D010402DE90040A0E17C009FE5CA1700EBD6
S11353E0382094E5000052E31700001A0300A0E3FC
S11353F068109FE5BB3F84E2E83284E5E02284E55F
S1135400E40284E53C1084E5040094E50410A0E380
S113541094FFFFEB080094E50120A0E30910A0E34A
S113542090FFFFEB0C0094E50220A0E31210A0E330
S11354308CFFFFEB0130A0E31C009FE5383084E5CE
S1135440AF1700EB1040BDE81EFF2FE108009FE5F9
S1135450AB1700EB1040BDE81EFF2FE11CCA000093
S113546050520000F0412DE90060A0E108019FE5E1
S1135470A51700EB04319FE5005093E5383095E51E
S1135480000053E32D00000A0470A0E32E5E85E2C1
S1135490043095E5013053E2084095E50400005AD4
S11354A0210000EA013043E2010073E3684084E232
S11354B01D00000AFC20D4E1000052E3F8FFFF1AAB
S11354C00050A0E30020E0E30130A0E3BE20C4E1EB
S11354D0BC30C4E1580084E2645084E5841700EBD6
S11354E094009FE5861700EB005084E5085084E59E
S11354F0045084E5105084E5145084E5185084E584
S11355000510A0E10820A0E35C0084E2050600EB9E
S1135510305084E5345084E5445084E5485084E5B3
S11355200400A0E1F041BDE81EFF2FE1004095E535
S1135530000054E30400000A0450A0E1D3FFFFEA92
S11355400500A0E1A1FFFFEBCEFFFFEA0710A0E1F9
S11355500600A0E180FFFFEB000050E30040A0E163
S1135560000085E5F3FFFF1A0C009FE5641700EBCC
S11355700C30A0E3003086E5E8FFFFEA20CA000013
S1135580B4BC000010402DE908009FE55E1700EB55
S11355901040BDE81EFF2FE120CA000010402DE995
S11355A008009FE5561700EB1040BDE81EFF2FE1F1
S11355B020CA000010402DE908009FE5521700EBB7
S11355C01040BDE81EFF2FE11CCA000010402DE969
S11355D008009FE54A1700EB1040BDE81EFF2FE1CD
S11355E01CCA000010402DE914009FE5461700EB8B
S11355F0A00200EB0C109FE55A0200EB1040BDE83E
S11356001EFF2FE120CA0000EC52000010402DE9DB
S1135610980200EB10109FE5520200EB0C009FE58E
S1135620371700EB1040BDE81EFF2FE124530000A4
S113563020CA000010402DE908009FE52C1700EB5C
S11356401040BDE81EFF2FE120CA000010402DE9E4
S113565008009FE5261700EB1040BDE81EFF2FE170
S11356601CCA000070402DE934509FE534409FE58A
S1135670054044E04441B0E1045185100500000AAE
S1135680014044E2043035E50FE0A0E113FF2FE1CF
S1135690000054E3F9FFFF1A491A00EB7040BDE81B
S11356A01EFF2FE1DCBF0000E0BF0000F0412DE948
S11356B00140A0E1E4709FE50060A0E1DE0500EB9D
S11356C0083097E5045093E5FE1E64E20F1081E272
S11356D00350C5E3054081E02446A0E1014044E2D3
S11356E00446A0E1010A54E3060000BA0010A0E356
S11356F00600A0E17D0A00EB083097E5053083E061
S1135700030050E10400000A0600A0E1D00500EB0C
S11357100000A0E3F041BDE81EFF2FE1001064E2A9
S11357200600A0E1710A00EB010070E30C00000A1E
S11357306C209FE5081097E5003092E5045045E0A1
S1135740015085E30600A0E1044043E0045081E5F4
S1135750004082E5BE0500EB0100A0E3F041BDE896
S11357601EFF2FE10010A0E30600A0E15F0A00EB9A
S1135770082097E5023040E00F0053E3E1FFFFDA31
S113578020109FE500C091E514109FE5013083E3EC
S11357900C0040E0043082E5000081E5D9FFFFEA17
S11357A070C4000028CA000078C8000070402DE9C9
S11357B0004051E23100000A0050A0E19E0500EBD8
S11357C0041014E5ACE29FE50130C1E308C044E2F3
S11357D003008CE008609EE5042090E5060050E19B
S11357E00320C2E34E00000A010011E3042080E517
S11357F00900001A084014E504C04CE008109CE5B8
S113580008608EE2060051E1043083E05C00000A87
S11358100C409CE50C4081E5081084E5021080E012
S1135820041091E5010011E30120831304208C1579
S113583003308C172C00000A020C53E31100002AD9
S11358400140A0E304009EE5A331A0E1042083E02D
S11358504331A0E1143380E182118EE082019EE79E
S1135860081041E204308EE50C108CE508008CE54C
S113587082C18EE70CC080E50500A0E1740500EB51
S11358807040BDE81EFF2FE1A324A0E1040052E311
S11358904800008A2323A0E1394082E28441A0E148
S11358A0381082E204008EE004209EE7080040E203
S11358B0020050E14500000A041092E50310C1E320
S11358C0010053E12C00002A082092E5020050E177
S11358D0F8FFFF1A0C3090E50C308CE508008CE5DD
S11358E008C083E50CC080E5E2FFFFEA081090E5FC
S11358F084419FE5040051E1023083E03A00000A4C
S11359000C0090E5012083E3020C53E30C0081E5D5
S1135910081080E504208CE503308CE7D9FFFF2ACA
S1135920C6FFFFEA010011E3023083E00600001A1B
S1135930082014E502C04CE008008CE2030090E863
S11359400C1080E5080081E5023083E02C219FE5FE
S1135950001092E5012083E3010053E104208CE56B
S113596008C08EE5C3FFFF3A14319FE50500A0E1AE
S1135970001093E54CFFFFEBBEFFFFEA0200A0E13D
S1135980D3FFFFEA021080E0041091E5010011E367
S11359903400001A081080E2033082E0060091E827
S11359A0010083E30C2081E5081082E504008CE506
S11359B003308CE7AFFFFFEA140052E31200008AC1
S11359C05C4082E28441A0E15B1082E2B4FFFFEA22
S11359D00140A0E304309EE54121A0E1142283E1CB
S11359E004208EE50030A0E1BAFFFFEA012083E342
S11359F014C08EE510C08EE50C108CE508108CE503
S1135A0004208CE503308CE79AFFFFEA540052E34C
S1135A100400008A2326A0E16F4082E28441A0E1D1
S1135A206E1082E29EFFFFEA550F52E30400008AE3
S1135A30A327A0E1784082E28441A0E1771082E2CA
S1135A4097FFFFEA3C109FE5010052E12329A09152
S1135A507D4082928441A0917C108292FE4FA0836B
S1135A607E10A0838EFFFFEA012083E304208CE5EF
S1135A70003080E57FFFFFEA70C4000078C40000B6
S1135A807CC8000024CA000054050000083092E5D8
S1135A90000053E3CB00000AF04F2DE9FC30D1E1C4
S1135AA00338A0E1020713E30CD04DE20140A0E16A
S1135AB000B0A0E10260A0E123A8A0E12000000A58
S1135AC0102091E5000052E31D00000A02901AE242
S1135AD0005096E52500000A0080A0E30870A0E1CC
S1135AE07C949FE5000057E34A00000A090057E14F
S1135AF00730A0310930A02124A094E50820A0E1BA
S1135B001C1094E50B00A0E10FE0A0E11AFF2FE1C7
S1135B10000050E3890000DA083096E5003043E0E5
S1135B20000053E3008088E0007047E0083086E519
S1135B30EBFFFF1A0000A0E30CD08DE2F04FBDE8AC
S1135B401EFF2FE10410A0E10B00A0E1EDF5FFEB37
S1135B50000050E3FC00001AFC30D4E10338A0E15B
S1135B6023A8A0E102901AE2005096E5D9FFFF1A9B
S1135B7001A01AE20A90A0019400001A000059E35F
S1135B802000000A020413E3087094E52338A0E11E
S1135B902400000A070059E10780A0E13700003A19
S1135BA0120D13E33A00001A0930A0E1000094E555
S1135BB00820A0E10A10A0E104308DE5070400EB01
S1135BC0081094E5002094E5077041E0088082E025
S1135BD0087084E5008084E504309DE5082096E59E
S1135BE0032042E0000052E303A08AE0039049E06E
S1135BF0082086E5CEFFFF0AFC30D4E1000059E31B
S1135C000338A0E1DEFFFF1A00A095E5049095E5B6
S1135C10085085E2D8FFFFEA008095E5047095E519
S1135C20085085E2AEFFFFEA000094E5103094E5E9
S1135C30030050E10200008A148094E5080059E151
S1135C404500002A090057E10970A0210A10A0E1CB
S1135C500720A0E1E10300EB082094E5003094E57F
S1135C60072042E0073083E0000052E3082084E587
S1135C70003084E52C00000A0730A0E1D6FFFFEADB
S1135C800970A0E10930A0E10980A0E1000094E5D9
S1135C90C6FFFFEA101094E5008094E5142094E513
S1135CA0018048E0822082E0017088E2A22F82E035
S1135CB0097087E0C220A0E1020057E10270A091C0
S1135CC00720A081010B13E33200000A0210A0E1B7
S1135CD00B00A0E1640100EB003050E29C00000ADC
S1135CE00820A0E1101094E504308DE5760300EB64
S1135CF0BC20D4E1122DC2E3802082E3BC20C4E1A5
S1135D0004309DE5080083E0088047E0103084E516
S1135D10088084E5147084E5000084E50970A0E13E
S1135D200930A0E10980A0E1A0FFFFEA0410A0E18E
S1135D300B00A0E10FFDFFEB000050E3CDFFFF0AD5
S1135D40FC30D4E10000E0E3403083E3BC30C4E144
S1135D500CD08DE2F04FBDE81EFF2FE1060179E380
S1135D600900A0310201E0230810A0E1041200EBB5
S1135D70247094E5980003E00A20A0E11C1094E547
S1135D800B00A0E10FE0A0E117FF2FE1003050E28B
S1135D9091FFFFCAE9FFFFEA0B00A0E19E0700EBB9
S1135DA0003050E2D6FFFF1A101094E50B00A0E17A
S1135DB07DFEFFEB0C20A0E3FC30D4E100208BE55A
S1135DC08030C3E3DEFFFFEA0000A0E31EFF2FE103
S1135DD00900A0E109A0A0E10980A0E1260000EAF1
S1135DE0000050E32D00000A080059E10910A03119
S1135DF00810A021102094E514C094E5083094E51F
S1135E00000094E503308CE0020050E10020A093F0
S1135E100120A083030051E10020A0D3000052E33D
S1135E200170A0E13800001A0C0051E1240000BA0E
S1135E30247094E50C30A0E10A20A0E11C1094E544
S1135E400B00A0E10FE0A0E117FF2FE1007050E28A
S1135E50BAFFFFDA079059E00100A0132400000AFA
S1135E60083096E5073043E0000053E307A08AE0DA
S1135E70078048E0083086E52DFFFF0A000058E35C
S1135E80D6FFFF1A083085E2048013E5000058E3CA
S1135E900350A0E108A013E5083083E2F9FFFF0AEC
S1135EA00820A0E10A10A0E30A00A0E1C20200EB6E
S1135EB0000050E3010080120A9040100190880213
S1135EC0C8FFFFEA0120A0E10A10A0E1430300EBB0
S1135ED0082094E5003094E5072042E0073083E091
S1135EE0079059E0082084E5003084E50100A01300
S1135EF0DAFFFF1A0410A0E10B00A0E19DFCFFEB08
S1135F00000050E3D5FFFF0A8CFFFFEA0320A0E165
S1135F100A10A0E104308DE5300300EB002094E585
S1135F2004309DE5032082E0002084E50410A0E114
S1135F300B00A0E18FFCFFEB000050E304309DE573
S1135F407EFFFF1A0370A0E1C1FFFFEA0000E0E357
S1135F50F8FEFFEA0C20A0E3FC30D4E100208BE53E
S1135F6077FFFFEA00FCFF7FF0412DE92E7E90E2EF
S1135F701900000A0180A0E10060A0E3045097E545
S1135F80015055E2084097E50D00004ABC30D4E1C9
S1135F90010053E3015045E20600009AFE30D4E1CB
S1135FA0010073E30300000A0400A0E10FE0A0E194
S1135FB018FF2FE1006086E1010075E3684084E288
S1135FC0F1FFFF1A007097E5000057E3EAFFFF1A9C
S1135FD00600A0E1F041BDE81EFF2FE10760A0E14B
S1135FE00600A0E1F041BDE81EFF2FE1F0472DE9D6
S1135FF02E6E90E21B00000A0180A0E10070A0E177
S11360000090A0E3045096E5015055E2084096E55F
S11360100E00004ABC30D4E1010053E3015045E2D4
S11360200700009AFE30D4E1010073E30400000A83
S11360300410A0E10700A0E10FE0A0E118FF2FE1A8
S1136040009089E1010075E3684084E2F0FFFF1AE3
S1136050006096E5000056E3E9FFFF1A0900A0E19D
S1136060F047BDE81EFF2FE10690A0E10900A0E182
S1136070F047BDE81EFF2FE104309FE5000093E5E3
S11360801EFF2FE140C00000F00080E21EFF2FE160
S113609010402DE9F7FFFFEB340090E510309FE549
S11360A0000050E30300A0011040BDE8F00080E2CE
S11360B01EFF2FE180C8000010402DE9EDFFFFEB2B
S11360C0340090E510309FE5000050E30300A00188
S11360D01040BDE8F00080E21EFF2FE180C8000000
S11360E070402DE90140A0E1FE10D1E1000051E330
S11360F040D04DE20250A0E10360A0E10F0000BADD
S113610004208DE2990E00EB000050E30B0000BA6E
S113611008209DE50F2A02E2023A42E2002073E2DF
S11361200320A2E0020BA0E3013BA0E3002086E5EC
S1136130003085E540D08DE27040BDE81EFF2FE1C0
S11361400030A0E3BC20D4E1800012E2003086E5F8
S11361500500000A4020A0E30300A0E1002085E53B
S113616040D08DE27040BDE81EFF2FE1013BA0E36B
S1136170003085E540D08DE27040BDE81EFF2FE180
S113618070402DE9BC20D1E1020012E308D04DE2B9
S11361900140A0E10700000A0110A0E3432084E2CB
S11361A0141084E5002084E5102084E508D08DE2F5
S11361B07040BDE81EFF2FE104308DE20D20A0E108
S11361C00050A0E1C5FFFFEB00109DE50060A0E1D9
S11361D00500A0E1240000EB000050E3FC30D4E112
S11361E01600000A04C09DE578109FE500209DE597
S11361F0803083E300005CE33C1085E5BC30C4E1FF
S1136200000084E5100084E5142084E50400001AED
S1136210063083E1BC30C4E108D08DE27040BDE8B3
S11362201EFF2FE10500A0E1FE10D4E1600E00EB9B
S1136230FC30D4E1000050E301308313F3FFFFEAA4
S1136240020C13E3D8FFFF1A0110A0E3432084E2F9
S1136250023083E3BC30C4E1141084E5002084E5FB
S1136260102084E5D0FFFFEA50520000F84F2DE9DA
S11362700B6081E2160056E30050A0E17200009A20
S11362800760C6E3060051E10010A0930110A0834B
S1136290A63F91E18800001AE70200EB7E0F56E367
S11362A0BE01003AA634B0E18900000A040053E3B9
S11362B0CF00008A2633A0E1390083E238C083E2AC
S11362C08011A0E1E0769FE5011087E0044091E5AC
S11362D0081041E2040051E10500001A0A0000EA36
S11362E0000052E3660000AA0C4094E5040051E16A
S11362F00500000A043094E50330C3E3062043E0BC
S11363000F0052E3F5FFFFDA0C00A0E1104097E51F
S113631098C69FE50C0054E1043097051800000A64
S1136320043094E50330C3E3062043E00F0052E356
S1136330D30000CA000052E314C087E510C087E50B
S1136340670000AA020C53E3B200002A0180A0E314
S1136350042097E5A331A0E1081083E04331A0E1D4
S1136360183382E181E187E0818197E708204EE2DA
S11363700C2084E5088084E5043087E5814187E7C3
S11363800C4088E50110A0E34021A0E111E2A0E166
S113639003005EE15C00008A03001EE10800001AAD
S11363A01EE1A0E10300C0E303001EE1040080E25B
S11363B00300001A8EE0A0E103001EE1040080E265
S11363C0FBFFFF0A809187E00910A0E10040A0E1F3
S11363D00C8091E5080051E10500001AB50000EABF
S11363E0000052E3BD0000AA0C8098E5080051E1CA
S11363F0B000000A043098E50330C3E3062043E00C
S11364000F0052E3F5FFFFDA0C1098E508E098E579
S1136410014086E3044088E5066088E0014082E3A9
S11364200C108EE50500A0E108E081E5146087E525
S1136430106087E5101086E90CC086E5032088E724
S1136440830200EB084088E2180000EA100051E3E0
S11364501900008A780200EB1060A0E31830A0E372
S11364600200A0E340759FE5033087E0044093E514
S1136470082043E2020054E19300000A043094E54A
S11364800330C3E3033084E0042093E50C1094E567
S113649008C094E5012082E30C108CE50500A0E11E
S11364A008C081E5042083E5690200EB084084E22A
S11364B00400A0E1F84FBDE81EFF2FE10C30A0E37B
S11364C00040A0E3003085E50400A0E1F84FBDE8FA
S11364D01EFF2FE1021CA0E34000A0E33FC0A0E3A5
S11364E077FFFFEA033084E0042093E5012082E390
S11364F00500A0E1042083E5084084E2540200EB97
S11365000400A0E1F84FBDE81EFF2FE1084097E525
S1136510043094E50390C3E3063049E00F0053E3ED
S11365200020A0C30120A0D3060059E1012082333A
S1136530000052E32200000A74849FE5083497E5C2
S1136540002098E5010073E3022086E0013A8212FC
S11365500F308312FFAEC31310A082020FA0CA1320
S11365600A10A0E10500A0E1E00600EB010070E3E1
S113657000B0A0E10300000A093084E0070054E100
S1136580000053118300009A084097E5043094E515
S11365900330C3E3030056E10020A0930120A0834D
S11365A0063043E00F0053E3012082D3000052E39E
S11365B00300000A0500A0E1250200EB0040A0E36F
S11365C0BAFFFFEA013083E3012086E3066084E03A
S11365D0042084E50500A0E1086087E5084084E222
S11365E0043086E51A0200EB0400A0E1F84FBDE890
S11365F01EFF2FE1140053E34400009A540053E3B8
S1136600A500008A2636A0E16F0083E26EC083E213
S11366108011A0E12AFFFFEAA324A0E1040052E3D1
S11366203E00009A140052E3B100008A5C8082E2CA
S11366308881A0E15B1082E208E087E0082097E708
S113664008E04EE202005EE19A00000A041092E5BE
S11366500310C1E3010053E18D00002A082092E5F4
S113666002005EE1F8FFFF1A0C209EE5043097E576
S11366700C2084E508E084E5084082E50C408EE5C2
S11366803FFFFFEA01E086E3011082E3066084E055
S113669004E084E50500A0E1146087E5106087E567
S11366A00CC086E5021086E9032084E7E80100EBCC
S11366B0084084E27DFFFFEA014084E2030014E322
S11366C0081081E241FFFF1A1D0000EA0C4093E527
S11366D0040053E1020080020BFFFF0A66FFFFEA99
S11366E00840A0E1033088E0042093E50C1098E50D
S11366F008C0B4E5012082E3042083E50500A0E19D
S11367000C108CE508C081E5D10100EB67FFFFEABE
S11367105C0083E25BC083E28011A0E1E8FEFFEA53
S11367202323A0E1398082E28881A0E1381082E24B
S1136730C0FFFFEA083019E4030059E1010040E218
S11367409400001A030010E3F9FFFF1A043097E5E0
S11367500E30C3E1043087E58EE0B0E10120A013E0
S11367600020A00303005EE10020A0830120029228
S1136770000052E364FFFF0A03001EE10400A0E1ED
S11367800FFFFF1A8EE0A0E103001EE1040080E287
S1136790FBFFFF0A0AFFFFEA041098E5000053E13B
S11367A001108AE0041088E55C00000A082497E5DB
S11367B0010072E303304B100110831008B4870505
S11367C00410881507101BE2011AA0030830611297
S11367D003B08B100A208BE0011A6112022AA0E197
S11367E008108112222AA0E102A041E00A10A0E1CF
S11367F00500A0E13D0600EB010070E300A0A0034A
S11368000130A0030B304010041098E50A308310C7
S11368100130831301108AE0070054E108B087E5D2
S1136820041088E504308BE50F00000A0F0059E3DB
S11368300130A09304308B955DFFFF9A0500A0E31F
S1136840042094E50C3049E20730C3E3012002E25E
S1136850032082E10F0053E3033084E0042084E545
S1136860040083E5080083E53500008A2C3098E5B0
S1136870084097E5030051E1303098E52C108885F5
S1136880030051E1043094E5301088850330C3E3FC
S11368903FFFFFEA02E0A0E172FFFFEA550F53E376
S11368A00B00008AA637A0E1780083E277C083E278
S11368B08011A0E182FEFFEA0180A0E3043097E5A5
S11368C04121A0E1183283E1043087E50E20A0E1E4
S11368D066FFFFEADC209FE5020053E10B00008A1B
S11368E02639A0E17D0083E27CC083E28011A0E12F
S11368F073FEFFEA540052E31600008A2326A0E147
S11369006F8082E28881A0E16E1082E249FFFFEA93
S1136910FE1FA0E37F00A0E37EC0A0E368FEFFEAC1
S1136920032AA0E1222AA0E1000052E39EFFFF1AFD
S11369300A3089E0082097E5013083E3043082E5DA
S1136940C9FFFFEA081084E20500A0E196FBFFEB13
S1136950041098E5C4FFFFEA550F52E30400008ACF
S1136960A327A0E1788082E28881A0E1771082E207
S113697030FFFFEA3C109FE5010052E12329A0917A
S11369807D8082928881A0917C108292FE8FA08368
S11369907E10A08327FFFFEA043097E56DFFFFEA2E
S11369A0A601A0E1083086E2ADFEFFEA70C4000053
S11369B078C4000024CA000054050000030010E35A
S11369C070402DE9FFE001E23800000A000052E3C4
S11369D001C042E21E00000A0030D0E50E0053E17F
S11369E01C00000A013080E2050000EA01C05CE2FC
S11369F01700003A0020D0E50E0052E1013083E296
S1136A001400000A030013E30300A0E1F6FFFF1AD9
S1136A1003005CE31100008A00005CE32500000A27
S1136A200030D0E50E0053E10A00000A0CC080E0FB
S1136A30013080E2030000EA0020D0E50E0052E1BC
S1136A40013083E20300000A03005CE10300A0E1DB
S1136A50F8FFFF1A0000A0E37040BDE81EFF2FE11D
S1136A6058409FE5014404E00E4084E150609FE5F6
S1136A7050509FE5044884E1003090E5043023E061
S1136A80062083E00330C2E1050013E10010A0E119
S1136A90040080E20300001A04C04CE203005CE33B
S1136AA0F4FFFF8ADBFFFFEA0100A0E1DBFFFFEA5E
S1136AB002C0A0E1D5FFFFEA0C00A0E1E5FFFFEA78
S1136AC0FFFF0000FFFEFEFE808080800F0052E387
S1136AD00900008A000052E30030A0E13C00000AF3
S1136AE0013043E2022081E001C0D1E4020051E11F
S1136AF001C0E3E5FBFFFF1A1EFF2FE1003081E137
S1136B00030013E33000001AF0402DE902E0A0E195
S1136B1010C080E2103081E2107013E50C6013E5C0
S1136B20085013E5044013E510E04EE20F005EE365
S1136B3010700CE50C600CE508500CE504400CE505
S1136B40103083E210C08CE2F2FFFF8A103042E280
S1136B500F30C3E30F6002E2103083E2030056E318
S1136B60031081E0033080E01A00009A0140A0E1A4
S1136B7006C0A0E104E043E204C04CE2045094E403
S1136B8003005CE30450AEE5FAFFFF8A04C046E26A
S1136B9003C0CCE304C08CE20C1081E00C3083E031
S1136BA0032002E2000052E301304312022081106C
S1136BB00300000A01C0D1E4020051E101C0E3E591
S1136BC0FBFFFF1AF040BDE81EFF2FE10030A0E1FB
S1136BD0C2FFFFEA1EFF2FE10620A0E1F0FFFFEA5B
S1136BE0010050E10A00009A023081E0030050E104
S1136BF00700002A000052E3022080E01EFF2F015C
S1136C0001C073E5030051E101C062E5FBFFFF1A17
S1136C101EFF2FE10F0052E30900008A000052E337
S1136C200030A0E13C00000A013043E2022081E090
S1136C3001C0D1E4010052E101C0E3E5FBFFFF1A0A
S1136C401EFF2FE1003081E1030013E33000001A3E
S1136C5070402DE902E0A0E110C080E2103081E232
S1136C60104013E510400CE50C4013E50C400CE516
S1136C70084013E508400CE510E04EE2044013E53B
S1136C800F005EE304400CE5103083E210C08CE298
S1136C90F2FFFF8A103042E20F30C3E30F6002E2DA
S1136CA0103083E2030056E3031081E0033080E0F8
S1136CB01A00009A0140A0E106C0A0E104E043E20A
S1136CC004C04CE2045094E403005CE30450AEE5D9
S1136CD0FAFFFF8A04C046E203C0CCE304C08CE29E
S1136CE00C1081E00C3083E0032002E2000052E348
S1136CF001304312022081100300000A01C0D1E4D4
S1136D00010052E101C0E3E5FBFFFF1A7040BDE85A
S1136D101EFF2FE10030A0E1C2FFFFEA1EFF2FE1BA
S1136D200620A0E1F0FFFFEA030010E34000000AA0
S1136D30000052E3012042E21EFF2F01FFC001E2E6
S1136D400030A0E1020000EA012042E2010072E307
S1136D501EFF2F0101C0C3E4030013E3F9FFFF1A70
S1136D60030052E32A00009A10402DE9FFE001E2FB
S1136D700EE48EE10F0052E30EE88EE11000009A5B
S1136D800240A0E110C083E2104044E20F0054E34B
S1136D9010E00CE50CE00CE508E00CE504E00CE583
S1136DA010C08CE2F7FFFF8A10C042E20FC0CCE3B0
S1136DB00F2002E210C08CE2030052E30C3083E0A7
S1136DC00A00009A0340A0E102C0A0E104C04CE222
S1136DD003005CE304E084E4FBFFFF8A04C042E2B6
S1136DE003C0CCE304C08CE20C3083E0032002E255
S1136DF0000052E30400000AFF1001E2022083E0D5
S1136E000110C3E4030052E1FCFFFF1A1040BDE887
S1136E101EFF2FE1000052E31EFF2F01FF1001E2CD
S1136E20022083E00110C3E4030052E1FCFFFF1AD7
S1136E301EFF2FE10030A0E1C8FFFFEA10402DE95A
S1136E4008009FE5301100EB1040BDE81EFF2FE164
S1136E5058CA000010402DE908009FE5281100EBF6
S1136E601040BDE81EFF2FE158CA000010402DE974
S1136E7008009FE51E1100EB1040BDE81EFF2FE146
S1136E8058CA00004C3090E5000053E370402DE9EF
S1136E900050A0E10140A0E10900000A040193E7C9
S1136EA0000050E30F00000A002090E5042183E76E
S1136EB00030A0E3103080E50C3080E57040BDE880
S1136EC01EFF2FE12120A0E30410A0E3110A00EB30
S1136ED0000050E34C0085E50030A011EEFFFF1ADE
S1136EE00000A0E3F4FFFFEA0110A0E31164A0E1B5
S1136EF0052086E20500A0E10221A0E1050A00EBDD
S1136F00000050E3F5FFFF0A500080E9E7FFFFEAC5
S1136F10000051E34C3090150420911502019317A1
S1136F2000008115021183171EFF2FE1F0402DE9A7
S1136F300140A0E10050A0E100E0A0E3106091E571
S1136F40BC709FE50CD04DE214C081E200009CE5CA
S1136F50071000E0923123E02018A0E12308A0E10B
S1136F60920121E001E08EE2073003E0013883E082
S1136F700E0056E104308CE42138A0E1F2FFFFCA90
S1136F80000053E30600000A082094E5020056E1DD
S1136F90070000AA062184E0016086E2143082E53D
S1136FA0106084E50400A0E10CD08DE2F040BDE85F
S1136FB01EFF2FE1041094E50500A0E1011081E219
S1136FC004308DE5AEFFFFEB0070A0E1102094E5E6
S1136FD0022082E20C1084E20221A0E10C0080E293
S1136FE0B9FEFFEB4C2095E5041094E5010192E70E
S1136FF004309DE5000084E5014182E70740A0E1FB
S1137000E3FFFFEAFFFF0000E4C09FE5F0472DE93E
S11370100370A0E1083083E293ECCCE0C33FA0E12D
S1137020CCC063E001005CE30050A0E10140A0E1BA
S11370300280A0E120609DE52B0000DA0130A0E38E
S11370400010A0E38330A0E103005CE1011081E2C1
S1137050FBFFFFCA0500A0E189FFFFEB0130A0E3BD
S1137060090058E3146080E5103080E50A4084D2BA
S11370700980A0D30D0000DA09A084E20A60A0E12F
S11370800A90A0E3084084E00130D6E40010A0E1B7
S1137090303043E20920A0E10500A0E1A2FFFFEBAC
S11370A0040056E1F7FFFF1A084048E204408AE072
S11370B0080057E1087047C00A60A0C3077084C085
S11370C0070000DA0130D4E40010A0E1303043E2DC
S11370D00620A0E10500A0E193FFFFEB040057E1C7
S11370E0F7FFFF1AF047BDE81EFF2FE10010A0E3F1
S11370F0D7FFFFEA398EE3382028A0E10030A0E171
S11371000228A0E1000052E30038A0010000A0130F
S11371101000A003FF0413E30334A001080080025D
S11371200F0213E30332A00104008002030113E3FE
S11371300331A00102008002000053E31EFF2FB1BF
S1137140010113E3010080122000A0031EFF2FE1C0
S1137150003090E5072013E20010A0E10900000AC6
S1137160010013E31F00001A020013E3A330A0116F
S11371702331A00100308015003081050100A013E7
S11371800200A0031EFF2FE10308A0E12008A0E1F4
S1137190000050E31000A0030200A0112338A00156
S11371A0FF0013E32334A001080080020F0013E35F
S11371B02332A00104008002030013E32331A00161
S11371C002008002010013E30400001AA330B0E1BE
S11371D00100001A2000A0E31EFF2FE1010080E25D
S11371E0003081E51EFF2FE10000A0E31EFF2FE128
S11371F010402DE90140A0E10110A0E320FFFFEBC6
S11372000120A0E3144080E5102080E51040BDE893
S11372101EFF2FE1F04F2DE9108091E5105092E50B
S1137220050058E114D04DE20140A0E10290A0E134
S1137230040000AA0820A0E10940A0E10580A0E123
S11372400190A0E10250A0E1083094E5041094E517
S1137250057088E0030057E1011081C208FFFFEBCD
S113726014A080E207B18AE00B005AE10030A0E1EB
S113727004008DE50A30A0310010A0330200002A7A
S1137280041083E403005BE1FCFFFF8A149089E2AD
S1137290053189E00320A0E1030059E1143084E2C0
S11372A0088183E03B00002A08B08DE50C708DE571
S11372B002B0A0E10370A0E120E19FE500C099E5E0
S11372C00E601CE01400000A0A40A0E10750A0E18F
S11372D00010A0E3042095E4000094E50E3002E0E1
S11372E00EC000E02228A0E196C323E02008A0E11C
S11372F0960222E0013083E0231882E00E3003E09E
S1137300013883E1050058E1043084E42118A0E148
S1137310EFFFFF8A001084E500C099E52CC8B0E1B6
S11373201600000A00309AE50A00A0E10340A0E13B
S11373300710A0E10020A0E3005091E52468A0E13B
S11373400E4005E09C6424E00E3003E0022084E05B
S1137350023883E1043080E4043091E4004090E595
S11373602338A0E10E5004E09C5323E0010058E1CF
S1137370223883E02328A0E1EEFFFF8A003080E575
S1137380049089E209005BE104A08AE2CAFFFF8A53
S113739008B09DE50C709DE5000057E3090000DA94
S11373A004301BE5000053E304B04BE20300000A81
S11373B0040000EA04303BE5000053E30100001A36
S11373C0017057E2FAFFFF1A04309DE50300A0E1C3
S11373D0107083E514D08DE2F04FBDE81EFF2FE15D
S11373E0FFFF0000033012E2F0412DE90240A0E16A
S11373F00070A0E10150A0012500001A4441B0E151
S11374001900000A486097E5000056E32700000AC7
S11374100080A0E3050000EAC440B0E11200000AC5
S1137420000096E5000050E31200000A0060A0E1AD
S1137430010014E3F7FFFF0A0620A0E10510A0E114
S11374400700A0E172FFFFEB000055E3042095154F
S11374504C309715021193170010851502518317AC
S1137460C440B0E10050A0E1ECFFFF1A0500A0E128
S1137470F041BDE81EFF2FE10620A0E10610A0E1C7
S11374800700A0E162FFFFEB000086E5008080E5D5
S1137490E5FFFFEA44209FE5013043E2032192E740
S11374A00030A0E3A0FEFFEB0050A0E1D2FFFFEA12
S11374B00110A0E30700A0E171FEFFEB0110A0E3BF
S11374C00030A0E318209FE5101080E5142080E52B
S11374D00060A0E1480087E5003080E5CBFFFFEACB
S11374E030BD000071020000F0472DE9107091E5F5
S11374F0C292A0E1083091E5077089E0014087E27B
S1137500030054E10150A0E10280A0E10060A0E189
S1137510041091E5030000DA8330A0E1030054E194
S1137520011081E2FBFFFFCA0600A0E154FEFFEB5D
S1137530000059E3143080E2040000DA0020A0E3E4
S1137540091183E0042083E4030051E1FCFFFF1AE6
S113755010E095E5141085E21F8018E20EE181E049
S11375601400000A00C0A0E3202068E2009091E526
S113757019C88CE104C083E404C091E401005EE115
S11375803CC2A0E1F8FFFF8A00005CE300C083E591
S1137590024087124C3096E5042095E5021193E7EA
S11375A0014044E2104080E5001085E5025183E784
S11375B0F047BDE81EFF2FE1043043E2042091E4CC
S11375C001005EE10420A3E5FBFFFF8AF0FFFFEA70
S11375D004E02DE5103091E500E0A0E1100090E515
S11375E0030050E00D00001A0331A0E114E08EE224
S11375F0141081E2031081E003308EE0010000EA00
S113760003005EE10500002A04C033E5042031E5EF
S113761002005CE1F9FFFF0A0200003A0100A0E366
S113762004E09DE41EFF2FE10000E0E3FBFFFFEA1E
S1137630F84F2DE902B0A0E1109091E5102092E5F9
S1137640029049E0000059E30170A0E14700001AEC
S11376500221A0E1146081E214E08BE2023086E0B2
S113766002208EE0010000EA030056E14900002AEE
S113767004C033E5041032E501005CE1F9FFFF0AC0
S11376800E80A0214B00003A041097E5FCFDFFEBAF
S113769000A0A0E3107097E510309BE530E19FE572
S11376A00C9080E50840A0E10650A0E1038188E049
S11376B0076186E014C080E2049095E4041094E429
S11376C00E3009E00A3083E02128A0E10EA001E099
S11376D00A3043E0292862E0432882E00E3003E0C8
S11376E0023883E1040058E104308CE442A8A0E1AC
S11376F0F0FFFF8A050056E11200009A0C40A0E159
S11377000510A0E1C8E09FE5048091E40E3008E094
S11377100A3083E04328A0E1282882E00E3003E009
S1137720023883E1010056E1043084E442A8A0E178
S1137730F4FFFF8A0550E0E1066085E00360C6E3DC
S1137740046086E206C08CE0000053E304C04CE20F
S11377500300001A04303CE5000053E3017047E2E3
S1137760FBFFFF0A107080E5F84FBDE81EFF2FE114
S1137770146081A214808BA20090A0A3C1FFFFAA71
S113778014608BE20B70A0E1148081E20190A0E30D
S113779001B0A0E1BBFFFFEA0010A0E3B8FDFFEBDE
S11377A00030A0E30120A0E3143080E5102080E540
S11377B0F84FBDE81EFF2FE10730A0E10680A0E1ED
S11377C00B70A0E10E60A0E103B0A0E10190A0E382
S11377D0ACFFFFEAFFFF00005C309FE5013003E0EF
S11377E00D3543E2000053E3020000DA0000A0E399
S11377F00310A0E11EFF2FE1003063E2433AA0E151
S1137800130053E3080000DA143043E21E0053E38C
S11378100120A0D30130A0C31F3063D21233A0D102
S11378200010A0E30300A0E11EFF2FE10227A0E364
S11378300000A0E35213A0E11EFF2FE10000F07F3F
S1137840F0412DE9107090E5146080E2077186E044
S1137850048017E50800A0E126FEFFEB203060E27B
S11378600A0050E3003081E5043047E20C0000CA0E
S1137870B0209FE5030056E10B3060E2385382E10B
S11378800020A023082017353223A031153080E2D0
S1137890184382E10400A0E10510A0E1F041BDE835
S11378A01EFF2FE1030056E11100002A0B2050E2D5
S11378B0083017E51000000A68109FE508C047E289
S11378C00C0056E120E062E2188281E10C001735D9
S11378D0335E88E11332A0311302A021300E8331CC
S11378E00040A0E10510A0E10400A0E1F041BDE8E2
S11378F01EFF2FE10B3050E20600001A0340A0E106
S1137900FF5588E3035685E30400A0E10510A0E1D8
S1137910F041BDE81EFF2FE108209FE50000A0E331
S1137920185382E1EDFFFFEA0000F03FF0412DE93A
S11379300340A0E108D04DE20110A0E30280A0E1E1
S113794020609DE524509DE54DFDFFEBE4309FE56F
S1137950FF14C4E30F16C1E3244A13E00116811394
S1137960000058E30070A0E104108DE51D00000A3A
S113797008008DE2088020E5F4FDFFEB0C009DE893
S1137980000050E320106012132182113330A01143
S11379901420871504308D1514208705000053E347
S11379A00110A0030210A013000054E3183087E56F
S11379B0101087E51500001A430E40E2013187E0FC
S11379C0020040E2000086E5100093E5C9FDFFEBEC
S11379D0810260E0000085E50700A0E108D08DE2A7
S11379E0F041BDE81EFF2FE104008DE2D7FDFFEB5F
S11379F00130A0E304209DE5000054E30310A0E15E
S1137A00103087E5142087E5200080E2E9FFFF0AB3
S1137A10434E44E2034044E2004084E0350060E227
S1137A20004086E5000085E50700A0E108D08DE26E
S1137A30F041BDE81EFF2FE1FF070000F0432DE9F0
S1137A400CD04DE20180A0E10D10A0E10090A0E176
S1137A507AFFFFEB0040A0E10150A0E10800A0E1A3
S1137A6004108DE275FFFFEB00309DE50060A0E19E
S1137A700170A0E1100098E5101099E504209DE53F
S1137A80001041E0023043E0813283E0000053E320
S1137A90090000DA039A85E00950A0E10620A0E17C
S1137AA00730A0E10400A0E10510A0E1B20C00EB56
S1137AB00CD08DE2F043BDE81EFF2FE1033663E0F6
S1137AC0031A87E00170A0E1F3FFFFEA170050E317
S1137AD0D0402DE90040A0E10A0000DA0000A0E354
S1137AE00060A0E334109FE534709FE50620A0E118
S1137AF00730A0E1FC0B00EB014054E2FAFFFF1A4F
S1137B00D040BDE81EFF2FE118309FE5804183E09F
S1137B10101084E2030091E8D040BDE81EFF2FE17D
S1137B200000F03F0000244030BD000010C092E58A
S1137B30143082E210402DE9014041E2C442A0E148
S1137B400CC183E0014084E20C0053E1044180E075
S1137B500900002A041040E204E093E403005CE11D
S1137B6004E0A1E5FBFFFF8A02304CE0153043E25C
S1137B700330C3E3043083E2030080E0000054E1F7
S1137B800300009A0030A0E3043080E4000054E1D4
S1137B90FCFFFF8A1040BDE81EFF2FE1103090E586
S1137BA0C122A0E1020053E114C080E203318CB091
S1137BB00A0000BA080000DA1F1011E20600000AE9
S1137BC002319CE73301A0E1100153E102318CE062
S1137BD00200000A0100A0E31EFF2FE102318CE045
S1137BE003005CE10A00002A040013E5000050E3EE
S1137BF0043043E20300000AF5FFFFEA042033E502
S1137C00000052E3F2FFFF1A03005CE1FAFFFF3ABF
S1137C101EFF2FE10000A0E31EFF2FE1F04F2DE92E
S1137C20007051E20CD04DE20290A0E17F00000A06
S1137C300B4089E20080A0E17FFCFFEB160054E3D7
S1137C401020A0930030A0930240A0910740C48369
S1137C50A43FA0810420A081090054E101308333B2
S1137C60000053E30C30A013041017E5085047E25A
S1137C700360C1E30090A013003088150F00001AC0
S1137C80020056E1110000BA0790A0E1043046E07A
S1137C900F0053E35600008A043095E5013003E2F7
S1137CA0063083E1043085E5065085E0043095E52F
S1137CB0013083E3043085E50800A0E164FCFFEBB8
S1137CC00900A0E10CD08DE2F04FBDE81EFF2FE1CA
S1137CD014B49FE508309BE506C085E003005CE131
S1137CE0A500000A04009CE50130C0E303308CE0E9
S1137CF0043093E5010013E33200000A010011E3AC
S1137D008800000A0910A0E10800A0E156F9FFEB81
S1137D10009050E2E7FFFF0A043017E50130C3E3A7
S1137D20033085E0082049E2030052E1E300000A41
S1137D30042046E2240052E3DD00008A130052E3EB
S1137D400930A0910720A0911400009A003097E513
S1137D50003089E5043097E51B0052E3043089E5DF
S1137D6008208792083089920C00009A083097E521
S1137D70083089E50C3097E50C3089E5240052E39E
S1137D80103097051030890514209705103089129A
S1137D9014208905102087121830890218208702C0
S1137DA0001092E5001083E5041092E5041083E5C9
S1137DB0082092E5082083E50710A0E10800A0E16F
S1137DC079F6FFEBBBFFFFEA0300C0E3003086E077
S1137DD0020053E11C0000BA08108CE2060091E88E
S1137DE00790A0E10C2081E50360A0E1081082E582
S1137DF0A5FFFFEA042095E5012002E2041085E0D6
S1137E00013083E3042082E1042085E5043081E528
S1137E10065085E0043095E5013083E3081081E2E3
S1137E20043085E50800A0E15FF6FFEBA1FFFFEA5F
S1137E300210A0E10CF9FFEB0090A0E10900A0E121
S1137E400CD08DE2F04FBDE81EFF2FE1010011E3DD
S1137E50ABFFFF1A08A017E50AA045E004109AE555
S1137E600310C1E3000081E0063080E0020053E12A
S1137E70300000BA0A90A0E108108CE2060091E8F4
S1137E800C2081E5081082E50C109AE50800B9E59C
S1137E90042046E2240052E30C1080E5080081E54A
S1137EA02F00008A130052E30920A0911400009AC5
S1137EB0001097E508108AE5041097E51B0052E3CB
S1137EC00C108AE50870879210208A920C00009AA0
S1137ED0081097E510108AE50C1097E514108AE550
S1137EE0240052E31020970518208A0514209705D2
S1137EF0107087121C208A0518208A1218708702B5
S1137F0020208A02001097E5001082E5041097E50E
S1137F10041082E5081097E50360A0E10A50A0E18F
S1137F20081082E558FFFFEA08A017E50AA045E01B
S1137F3004109AE50310C1E3013086E0020053E126
S1137F406FFFFFBA0A90A0E10C109AE50800B9E5AA
S1137F50042046E2240052E30C1080E5080081E589
S1137F60CFFFFF9A0710A0E10900A0E10360A0E1A0
S1137F700A50A0E119FBFFEB43FFFFEA04309CE544
S1137F800330C3E3063083E0100084E2000053E1D1
S1137F903A0000AA010011E359FFFF1A08A017E5EF
S1137FA00AA045E004109AE50310C1E3033081E020
S1137FB0030050E1DFFFFFCA0A90A0E10C109AE52C
S1137FC00800B9E5042046E2240052E30C1080E5E1
S1137FD0080081E53E00008A130052E30920A091C5
S1137FE01400009A001097E508108AE5041097E53C
S1137FF01B0052E30C108AE50870879210208A92C5
S11380000C00009A081097E510108AE50C1097E50B
S113801014108AE5240052E31020970518208A05DD
S113802014209705107087121C208A0518208A12C4
S11380301870870220208A02001097E5001082E55C
S1138040041097E5041082E5081097E5081082E50E
S1138050043043E004208AE0013083E308208BE508
S1138060043082E504309AE5013003E2044083E100
S11380700800A0E104408AE575FBFFEB0FFFFFEA6F
S1138080043043E0045085E0013083E308508BE57D
S1138090043085E5043017E5013003E2044083E150
S11380A00800A0E1044007E569FBFFEB0790A0E1AD
S11380B002FFFFEA0710A0E1C8FAFFEB3DFFFFEA69
S11380C0043019E50330C3E3036086E00790A0E1C0
S11380D0EDFEFFEA0710A0E10900A0E104308DE500
S11380E0BEFAFFEB04309DE5D8FFFFEA70C4000040
S11380F00030A0E370402DE930409FE50050A0E13E
S11381000100A0E1003084E57E0D00EB010070E386
S11381100100000A7040BDE81EFF2FE1003094E525
S1138120000053E3003085157040BDE81EFF2FE1C9
S113813060CA000010402DE90140A0E1FE10D1E129
S1138140210700EB000050E3503094A5BC30D4B1BB
S1138150003083A0013AC3B3503084A5BC30C4B10D
S11381601040BDE81EFF2FE10000A0E31EFF2FE139
S1138170F0412DE90140A0E1FC10D1E1010C11E333
S11381800260A0E10370A0E10050A0E10400000A35
S1138190FE10D4E10230A0E30020A0E3D00600EBFF
S11381A0FC10D4E1011AC1E3BC10C4E10730A0E122
S11381B00620A0E1FE10D4E10500A0E1430500EB98
S11381C0F041BDE81EFF2FE110402DE90140A0E180
S11381D0FE10D1E1C20600EBBC30D4E1010070E333
S11381E0013AC303013A831350008415BC30C4E13F
S11381F01040BDE81EFF2FE110402DE9FE10D1E133
S11382006A0500EB1040BDE81EFF2FE1F84F2DE991
S1138210643091E5020A13E302B0A0E12400000AED
S1138220083092E5009092E5000053E30160A0114C
S11382300070A011089089121B00000A04A019E51F
S1138240085019E52A81B0E10040A01304504512FA
S11382500200001A0E0000EA040058E10B00000AB4
S11382600620A0E10410B5E50700A0E1020600EB3A
S1138270010070E3014084E2F6FFFF1A0030A0E33E
S113828008308BE504308BE5F84FBDE81EFF2FE185
S113829008309BE503A0CAE30A3043E0000053E33F
S11382A008308BE5089089E2E3FFFF1A0000A0E3A1
S11382B0F1FFFFEAF4F5FFEBEFFFFFEA083092E588
S11382C0000053E3D0FFFF1A043082E50300A0E16D
S11382D01EFF2FE1F04F2DE90350A0E1B4D04DE291
S11382E0003050E214308DE501A0A0E10290A0E13D
S11382F018508DE50200000A383093E5000053E37E
S1138300CF00000A64309AE5010013E3FC30DAE19F
S11383100318A0E1A700001A020411E32118A0E148
S1138320A000000A020A11E30600001A64209AE57C
S1138330023A83E3022AC2E3BC30CAE164208AE53C
S11383400338A0E12318A0E1080011E3A000000A0B
S113835010309AE5000053E39D00000A1A3001E250
S11383600A0053E3A300000A0030A0E370808DE20A
S113837008B0A0E12C308DE508308DE544308DE562
S113838040308DE53C808DE50CA08DE50030D9E5CD
S1138390000053E3250053130940A0E11300000A31
S11383A00130F4E5000053E325005313FBFFFF1AEB
S11383B0095054E00D00000A40309DE544209DE53D
S11383C0013083E2070053E3022085E000908BE54F
S11383D004508BE540308DE544208DE508B08BD208
S11383E0760000CA08309DE5053083E008308DE54D
S11383F00030D4E5000053E32F04000A0010A0E38A
S11384000030A0E300A0E0E33730CDE5019084E242
S11384100130D4E501C0A0E10100A0E10150A0E1D8
S11384200A70A0E101E0A0E32B40A0E32060A0E3F8
S1138430019089E2202043E2580052E302F19F9721
S1138440200200EAB48C0000C88C0000C88C000034
S1138450908C0000C88C0000C88C0000C88C000000
S1138460C88C0000C88C0000C88C00004C8600003A
S11384709C8A0000C88C000068860000348A0000D2
S1138480C88C0000AC8A0000B88A0000B88A0000DA
S1138490B88A0000B88A0000B88A0000B88A0000D0
S11384A0B88A0000B88A0000B88A0000C88C0000AE
S11384B0C88C0000C88C0000C88C0000C88C000068
S11384C0C88C0000C88C0000C88C0000C88C000058
S11384D0C88C0000DC8A0000C88C0000C88C000036
S11384E0C88C0000C88C0000C88C0000C88C000038
S11384F0C88C0000C88C0000C88C0000C88C000028
S113850070890000C88C0000C88C0000C88C000072
S1138510C88C0000C88C00007C890000C88C000056
S1138520C88C0000E08B0000C88C0000C88C0000E0
S1138530C88C0000C88C0000C88C0000C88C0000E7
S1138540C88C0000C88C0000C88C0000C88C0000D7
S1138550548C0000D08B0000C88C0000C88C000034
S1138560C88C0000748A0000D08B0000C88C000006
S1138570C88C0000808A0000C88C0000948B000026
S11385803489000088890000C4890000C88C000078
S1138590D0890000C88C000074860000C88C0000DC
S11385A0C88C00009C8C000058008AE2560B00EB3B
S11385B0FC30DAE10318A0E12118A0E158FFFFEA3A
S11385C0000052E31403001A40208DE508B0A0E136
S11385D083FFFFEA0A10A0E114009DE549EBFFEBDD
S11385E0000050E3F602001ABC10DAE11A3001E28E
S11385F00A0053E35BFFFF1AFE30DAE1000053E3A5
S113860058FFFFBA64309AE5010013E30200001A30
S1138610020C11E358008A02390B000B0530A0E16B
S11386200920A0E10A10A0E114009DE5F30300EB8A
S113863008008DE508009DE5B4D08DE2F04FBDE85B
S11386401EFF2FE161F3FFEB2DFFFFEA18309DE5DC
S1138650000093E5043083E2000050E318308DE518
S1138660010000AA000060E2045085E30030D9E56F
S11386706EFFFFEA1C008DE5200015E32B03001AB2
S113868018209DE5100015E30230A0E1F002001A65
S1138690400015E3EE02000A0130A0E30070A0E3FD
S11386A0B060D2E1042082E218208DE50020A0E32E
S11386B00040A0E33720CDE501007AE31E01000A63
S11386C0072086E1000052E300005A038020C5E33E
S11386D004208DE59802001A000053E39202001A68
S11386E0013015E210308DE524808D053030A01363
S11386F0B0208D124130621524208D1510309DE577
S113870003005AE10A70A0A10370A0B1000054E371
S11387100170871204309DE5023013E220308DE5AC
S113872004309DE502708712846013E28D01001A03
S11387301C309DE5074043E0000054E3890100DA62
S1138740100054E3780300DA0BE0A0E11050A0E33A
S113875007B0A0E10130A0E344209DE540C09DE5C1
S113876014709DE5050000EA02108CE200C0A0E14F
S113877008E08EE2104044E2100054E30F0000DAF7
S113878001008CE2381E9FE5102082E2070050E3CE
S113879044208DE522008EE840008DE5F1FFFFDAEC
S11387A0000052E35B01001A104044E2100054E35D
S11387B006C0A0E10310A0E108E0A0E1EFFFFFCABA
S11387C00B70A0E10EB0A0E1F43D9FE5070051E37A
S11387D0022084E018008BE844208DE540108DE5EC
S11387E008B08BD2010081D2610100DA000052E3AB
S11387F05501001A3710DDE5000051E3FB02000AC1
S11388000120A0E308B0A0E10200A0E137108DE24E
S113881074208DE570108DE50010A0E108B08BE2A6
S1138820010080E220309DE5000053E36A01000A64
S11388300210A0E338308DE2012082E0070050E30B
S113884044208DE540008DE504108BE500308BE578
S11388505E0100DA000052E39202001A800056E33F
S11388600100A0E30010A0E308B0A0E15C01001A3D
S11388701C309DE5074043E0000054E3580100DA52
S1138880100054E33B0300DA0BE0A0E11050A0E336
S113889007B0A0E10160A0E30470A0E114409DE5ED
S11388A0050000EA02C081E20010A0E108E08EE2C7
S11388B0107047E2100057E30F0000DA010081E274
S11388C0003D9FE5102082E2070050E344208DE53F
S11388D028008EE840008DE5F1FFFFDA000052E346
S11388E00602001A107047E2100057E306C0A0E128
S11388F00010A0E308E0A0E1EFFFFFCA0740A0E1F9
S11389000B70A0E10EB0A0E1B83C9FE5042082E02A
S113891007005CE344208DE518008BE840C08DE53A
S11389206B0200CA08B08BE201008CE20C10A0E1DB
S11389302B0100EA1C008DE5200015E38302001AD8
S113894018209DE5100015E30230A0E13A02001A58
S1138950400015E33802000AB060D2E1042082E24C
S11389600030A0E318208DE50070A0E34EFFFFEA7D
S11389701C008DE5105085E3EEFFFFEA1C008DE539
S1138980105085E33BFFFFEA7830A0E33020A0E3FA
S113899018109DE53930CDE5043081E218308DE5BD
S11389A0243C9FE51C008DE52C308DE5006091E5AD
S11389B0025085E33820CDE50070A0E30230A0E347
S11389C039FFFFEA205085E30030D9E597FEFFEA3E
S11389D018309DE5002093E524208DE5000052E346
S11389E00020A0E31C008DE53720CDE5044083E2A0
S11389F0D102000A01007AE3B802000A24609DE56E
S1138A000A20A0E10010A0E30600A0E1EAF7FFEBD2
S1138A10000050E3D102000A063040E018408DE522
S1138A2010308DE504508DE53740DDE500A0A0E36E
S1138A3031FFFFEA0030D9E52A0053E301A089E2BF
S1138A40D502000A302043E2090052E30A90A0E173
S1138A5000A0A0E376FEFF8A0130D9E40AA18AE0EF
S1138A608AA082E0302043E2090052E3F9FFFF9A32
S1138A706FFEFFEA405085E30030D9E56BFEFFEA64
S1138A800030D9E56C0053E30130D905205085034B
S1138A90019089021050851364FEFFEA0030D9E585
S1138AA00E10A0E104C0A0E160FEFFEA805085E35F
S1138AB00030D9E55DFEFFEA0000A0E3302043E288
S1138AC00130D9E4000180E0800082E0302043E2FC
S1138AD0090052E3F9FFFF9A55FEFFEA000051E353
S1138AE01C008DE537C0CD15105085E3200015E33B
S1138AF0FF01001A100015E35A02001A400015E3A2
S1138B004102000A18309DE5F060D3E1043083E2AD
S1138B10C67FA0E118308DE50620A0E10730A0E172
S1138B20000052E30030D3E2290200BA01007AE3E4
S1138B303740DDE50130A0E3E0FEFF1A010053E316
S1138B408001000A020053E30810A0115301001A27
S1138B500820A0E12CC09DE52632A0E1073E83E178
S1138B602702A0E10F1006E20070A0E10360A0E17B
S1138B700130DCE7071096E1013062E5F5FFFF1AEA
S1138B80023048E024208DE504508DE510308DE559
S1138B90D9FEFFEA000051E337C0CD15200015E3EC
S1138BA03D02001A100015E35300001A400015E3BB
S1138BB05100000A18209DE5003092E5042082E26D
S1138BC018208DE5B820DDE1B020C3E1EEFDFFEA19
S1138BD0000051E31C008DE537C0CD15C2FFFFEA4C
S1138BE0E8299FE5000051E31C008DE537C0CD1551
S1138BF02C208DE5200015E318209DE5C501001A01
S1138C00100015E31A02001A400015E30070A013C7
S1138C100070A003B060D21100609205042082129B
S1138C200420820218208D1518208D05010015E3FB
S1138C306E01000A072096E16C01000A3020A0E3CF
S1138C403930CDE5025085E33820CDE50230A0E38C
S1138C5095FEFFEA0170A0E30010A0E318209DE553
S1138C60003092E54830CDE5043082E218308DE5DD
S1138C7048308DE21C008DE53710CDE510708DE590
S1138C8024308DE504508DE500A0A0E3A0FEFFEAAA
S1138C90015085E30030D9E5E4FDFFEA28299FE58A
S1138CA0000051E31C008DE537C0CD152C208DE567
S1138CB0CFFFFFEA00005CE30030D9E50E10A0010D
S1138CC006C0A001D9FDFFEA000051E337C0CD156D
S1138CD0000053E31C008DE5F701000A4830CDE5A0
S1138CE00030A0E30170A0E33730CDE548308DE2D9
S1138CF010708DE524308DE5E1FFFFEA18209DE535
S1138D00003092E5042082E218208DE508209DE5DC
S1138D10002083E59CFDFFEA3C208DE20C109DE5DC
S1138D200700A0E128308DE537FDFFEB000050E39C
S1138D301401001A40C09DE508E0A0E144209DE52F
S1138D4001108CE228309DE589FEFFEA3C208DE28B
S1138D500C109DE514009DE52BFDFFEB000050E396
S1138D600801001A08B0A0E140108DE2060091E865
S1138D70010081E237C0DDE500005CE3A8FEFF0AE4
S1138D800110A0E337C08DE2012082E0070050E328
S1138D9044208DE540008DE504108BE500C08BE593
S1138DA09CFEFFDA000052E33301001A20309DE5F7
S1138DB0000053E3A8FEFF0A0220A0E30100A0E1A3
S1138DC008B0A0E138308DE274208DE570308DE577
S1138DD00010A0E108B08BE2010080E2800056E3BD
S1138DE0A2FEFF0A10309DE503A04AE000005AE30A
S1138DF0570000DA10005AE3190000DA1040A0E32B
S1138E0014509DE50C609DE5050000EA020081E236
S1138E100310A0E108B08BE210A04AE210005AE36C
S1138E200F0000DA013081E298079FE5102082E20A
S1138E30070053E344208DE511008BE840308DE5B5
S1138E40F1FFFFDA000052E32C00001A10A04AE2FE
S1138E5010005AE30100A0E30010A0E308B0A0E171
S1138E60EFFFFFCA5C379FE5070050E30A2082E06A
S1138E7008048BE840008DE544208DE508B08BD2D2
S1138E80010080D2320000DA000052E32600001A0A
S1138E900130A0E308B0A0E110209DE524109DE579
S1138EA074208DE544208DE570108DE540308DE50E
S1138EB008B08BE204309DE5040013E30300000ACC
S1138EC01C309DE5074043E0000054E3330000CA32
S1138ED008309DE51C109DE5070051E1013083A099
S1138EE0073083B0000052E308308DE59F00001A7C
S1138EF00030A0E308B0A0E140308DE522FDFFEA98
S1138F003C208DE20610A0E10500A0E1BEFCFFEBD1
S1138F10000050E3F400001A40108DE2060091E8CE
S1138F2008B0A0E1010081E2BAFFFFEA3C208DE233
S1138F300C109DE514009DE5B3FCFFEB000050E32D
S1138F409000001A08B0A0E140008DE2050090E80E
S1138F50010080E210309DE524109DE5022083E0AD
S1138F60070050E344208DE50A008BE840008DE5BE
S1138F70CEFFFFDA000052E39E00001A04309DE5A4
S1138F80040013E340208DE53100000A1C309DE508
S1138F90074043E0000054E308B0A0C12C0000DA0D
S1138FA0100054E340009DD5010080D21F0000DA78
S1138FB00BC0A0E11050A0E304B0A0E10160A0E365
S1138FC040109DE514A09DE50C409DE5050000EAD8
S1138FD0020081E20310A0E108C08CE210B04BE271
S1138FE010005BE30F0000DA013081E2D0059FE559
S1138FF0102082E2070053E344208DE521008CE831
S113900040308DE5F1FFFFDA000052E31700001A4B
S113901010B04BE210005BE30600A0E10010A0E3F7
S113902008C0A0E1EFFFFFCA0B40A0E10CB0A0E133
S11390308C359FE5042082E0070050E344208DE551
S113904018008BE840008DE5A0FFFFDA000052E332
S1139050F500001A08309DE51C209DE5070052E14B
S1139060023083A0073083B008308DE59FFFFFEA0C
S11390703C208DE20410A0E10A00A0E162FCFFEBB9
S1139080000050E31301001A40108DE2060091E83D
S113909008C0A0E1010081E2CFFFFFEA0210A0E1D5
S11390A0A621A0E1872E82E1A701A0E1073006E214
S11390B00070A0E10260A0E1303083E2072096E175
S11390C0013041E5012041E2F3FFFF1A300053E390
S11390D00030A00301300512000053E3E900000A48
S11390E03030A0E3021041E224108DE5011048E085
S11390F004508DE510108DE5013042E57EFDFFEA58
S11391003C208DE20C109DE50400A0E13EFCFFEB49
S1139110000050E31B00001A40108DE2060091E8A5
S113912008E0A0E101C081E2E0FDFFEA0030A0E335
S113913024808DE510308DE56FFDFFEA010053E3D7
S11391400250A0E17EFEFF1A000057E30900560317
S11391508600008AB0208DE2306086E2416062E5DC
S113916004508DE510308DE524208DE562FDFFEA85
S11391703C208DE20C109DE514009DE522FCFFEBE4
S1139180000050E359FFFF0A0CA09DE564309AE506
S1139190010013E3BC30DAE10100001A020C13E30E
S11391A03100000A400013E321FDFF0A0030E0E330
S11391B008308DE508009DE5B4D08DE2F04FBDE8A0
S11391C01EFF2FE164309AE5010013E3F6FFFF1A56
S11391D0BC30DAE1020C13E3F3FFFF1A58008AE211
S11391E0470800EB0030E0E308308DE510FDFFEAAE
S11391F00230A0E32CFDFFEA3C208DE20C109DE53B
S113920014009DE500FCFFEB000050E3DDFFFF1AB6
S113921008B0A0E144209DE525FFFFEA3C208DE253
S11392200C109DE514009DE5F7FBFFEB000050E3F7
S1139230D4FFFF1A08B0A0E169FCFFEA042082E22F
S1139240006093E50070A0E30030A0E318208DE5F2
S113925015FDFFEA042082E2006093E50070A0E3BC
S11392600130A0E318208DE50FFDFFEA58008AE2E3
S1139270230800EBBC30DAE1C9FFFFEA3C208DE2B1
S11392800C109DE514009DE5DFFBFFEB000050E3AF
S1139290BCFFFF1A40108DE2060091E808B0A0E17F
S11392A0010081E25EFDFFEA3C208DE20C109DE5A9
S11392B014009DE5D4FBFFEB000050E3B1FFFF1A5F
S11392C040108DE2060091E808B0A0E1010081E2BF
S11392D0C1FEFFEA000052E38800001A0100A0E387
S11392E00010A0E308B0A0E1BDFEFFEA06A0A0E1E3
S11392F0A5FFFFEA18309DE5073083E20710C3E3BA
S11393000C0091E8081081E218108DE50260A0E1DC
S11393100370A0E101FEFFEA072082E20720C2E316
S1139320081082E218108DE5C00092E83EFEFFEAC4
S113933018309DE5073083E20730C3E3082083E259
S1139340C00093E818208DE50130A0E3D6FCFFEAC5
S113935018309DE5073083E20730C3E3082083E239
S1139360C00093E818208DE50030A0E3CEFCFFEAAE
S113937004408DE50840A0E10600A0E10710A0E14B
S11393800A20A0E30030A0E3740700EB302082E25F
S1139390012064E50600A0E10710A0E10030A0E38D
S11393A00A20A0E36D0700EB0060A0E10170A0E1DA
S11393B0073096E1EFFFFF1A0430A0E1033048E0E4
S11393C024408DE510308DE504409DE504508DE585
S11393D0C9FCFFEA2D30A0E3006076E23730CDE52A
S11393E00340A0E10070E7E20130A0E3B1FCFFEA32
S11393F020309DE5000053E31300001A0010A0E3A1
S11394000100A0E308B0A0E175FEFFEA18109DE595
S1139410006091E5041081E2C67FA0E10620A0E18E
S11394200730A0E118108DE5BCFDFFEA3C208DE279
S11394300C109DE514009DE573FBFFEB000050E369
S113944050FFFF1A44209DE5A0FEFFEA0220A0E39E
S113945038308DE274208DE570308DE50100A0E395
S113946008B0A0E159FEFFEA18309DE5006093E5DD
S1139470A5FDFFEA006092E5042082E218208DE554
S11394800070A0E3E8FDFFEA023048E004508DE5F7
S113949010308DE524208DE597FCFFEA18309DE51A
S11394A008209DE5001093E5043083E218308DE533
S11394B0C23FA0E10C0081E8B3FBFFEA44309DE524
S11394C0000053E30CA09DE52C00001A0030A0E33B
S11394D040308DE52CFFFFEA04A0A0E12AFFFFEA5B
S11394E024009DE518408DE504508DE5B2DEFFEBC8
S11394F000A0A0E310008DE53740DDE57EFCFFEA27
S11395003C208DE20C109DE514009DE53EFBFFEB35
S1139510000050E31BFFFF1A40108DE2060091E8A3
S113952008B0A0E1010081E22DFEFFEA40108DE2C7
S1139530060091E8011081E2A2FCFFEA06005AE36A
S11395400A30A0310630A02310308DE50370A0E16D
S11395507C309FE518408DE524308DE5C8FDFFEA99
S113956010A08DE518408DE504508DE500A0A0E322
S11395703740DDE560FCFFEA00C0A0E1E1FCFFEA62
S113958014009DE53C208DE20A10A0E11EFBFFEBD8
S1139590000050E3CCFFFF0AFBFEFFEA18209DE524
S11395A004A08DE500A092E5042082E207005AE1C0
S11395B00130D9E507A0A0B104909DE518208DE500
S11395C09AFBFFEA58BE000068BE000000BD000020
S11395D0ECBC000014BD000070402DE90150A0E176
S11395E00260A0E10040A0E1A2F2FFEB0630A0E19E
S11395F00520A0E10410A0E17040BDE834FBFFEABF
S1139600F0412DE90140A0E101CBA0E300E0A0E39B
S11396100260A0E10070A0E10380A0E146DE4DE21B
S1139620BE30D4E108D04DE2BC10D1E1BE30CDE172
S1139630643094E51C2094E50210C1E364308DE5A8
S1139640243094E5BC10CDE158008DE268108DE221
S113965008C08DE514C08DE51C208DE524308DE512
S113966018E08DE500108DE510108DE5200700EB66
S11396700620A0E10830A0E10D10A0E10700A0E160
S113968013FBFFEB006050E2040000BA0D10A0E1F0
S11396900700A0E1B7EEFFEB000050E30060E01329
S11396A0BC30DDE1400013E3BC30D41140308313FF
S11396B0BC30C41158008DE20F0700EB0600A0E196
S11396C046DE8DE208D08DE2F041BDE81EFF2FE1B9
S11396D070402DE901E0A0E100C0A0E330409FE527
S11396E00210A0E10050A0E10320A0E10E00A0E1DF
S11396F000C084E5EB0700EB010070E30200001AF0
S1139700003094E5000053E3003085157040BDE857
S11397101EFF2FE160CA000010402DE9920101E014
S1139720D1F2FFEB004050E21800000A042014E5D7
S11397300320C2E3042042E2240052E31600008A1C
S1139740130052E30420A0910C00009A0030A0E31F
S11397501B0052E3003084E5043084E50820849241
S11397600600009A240052E3083084E50C3084E5B6
S113977010308405143084051020841218208402CB
S11397800030A0E3003082E5043082E5083082E551
S11397900400A0E11040BDE81EFF2FE10010A0E38B
S11397A060F5FFEB0400A0E11040BDE81EFF2FE1CF
S11397B00030A0E370402DE928409FE50050A0E16F
S11397C00100A0E1003084E5030700EB010070E331
S11397D00200001A003094E5000053E300308515C0
S11397E07040BDE81EFF2FE160CA0000F0412DE982
S11397F0004051E23B00000A000050E30060A0E199
S11398000200000A383090E5000053E33900000AF2
S1139810643094E5010013E32F00001ABC30D4E156
S1139820020C13E33C00000A587084E20410A0E127
S11398300600A0E1C0EDFFEB2C3094E5000053E3FB
S11398400050A0E10500000A1C1094E50600A0E108
S11398500FE0A0E113FF2FE1000050E30050E0B35C
S1139860BC30D4E1800013E32400001A301094E5E6
S1139870000051E30500000A403084E2030051E196
S11398800600A011C8EFFF1B0030A0E3303084E5D0
S1139890441094E5000051E30300000A0600A0E12F
S11398A0C1EFFFEB0030A0E3443084E534EFFFEB7D
S11398B00030A0E3642094E5010012E3BC30C4E16D
S11398C01200000A0700A0E18B0600EB32EFFFEB69
S11398D00500A0E1F041BDE81EFF2FE1FC30D4E11A
S11398E0000053E3CFFFFF1A0050A0E30500A0E1FE
S11398F0F041BDE81EFF2FE1B4EEFFEBC3FFFFEA2A
S1139900101094E50600A0E1A7EFFFEBD6FFFFEAF5
S11399100700A0E17A0600EBE9FFFFEA587084E251
S11399200700A0E1780600EBFC30D4E1000053E32B
S1139930BDFFFF1A645094E5015015E2E9FFFF1AD8
S11399400700A0E16E0600EB0500A0E1F041BDE8D0
S11399501EFF2FE110402DE90040A0E1C5F1FFEB0F
S11399600410A0E11040BDE89FFFFFEAF0432DE999
S11399700CD04DE20080A0E10170A0E10240A0E122
S1139980BD0000EB010050E33000000A5C3084E2CB
S11399900720A0E104108DE20800A0E1420200EBE0
S11399A0010070E30060A0E12200000A000050E31F
S11399B00410DD152C00000A0050A0E304908DE291
S11399C0070000EA003094E5012083E2002084E5EA
S11399D00010C3E5015085E2050056E12200009A1B
S11399E00910D5E7083094E5013043E2000053E361
S11399F0083084E5F2FFFFAA182094E5020053E141
S1139A000030A0B30130A0A30A0051E30030A0034A
S1139A10000053E3EAFFFF1A0420A0E10800A0E1DC
S1139A20CC0100EB010070E3E9FFFF1A0CD08DE2DA
S1139A30F043BDE81EFF2FE1BC30D4E1403083E3A6
S1139A40BC30C4E10CD08DE2F043BDE81EFF2FE131
S1139A50013047E2FE0053E3CBFFFF8AFF1007E229
S1139A600060A0E10410CDE5D2FFFFEA0700A0E109
S1139A700CD08DE2F043BDE81EFF2FE130402DE90C
S1139A80643092E50240A0E1FC20D2E1010013E33E
S1139A900238A0E10CD04DE20050A0E12338A0111F
S1139AA00200001A020413E32338A0E11900000A9B
S1139AB0020A13E364309405022A8203023A830300
S1139AC0BC20C401643084050500A0E10420A0E1A9
S1139AD0A5FFFFEB643094E5010013E30050A0E11F
S1139AE00200001ABC30D4E1020C13E30300000AA4
S1139AF00500A0E10CD08DE23040BDE81EFF2FE14F
S1139B00580084E2FE0500EB0500A0E10CD08DE2D4
S1139B103040BDE81EFF2FE1580084E204108DE5BB
S1139B20F90500EBFC20D4E10238A0E12338A0E1E0
S1139B3004109DE5DDFFFFEA70402DE90050A0E12F
S1139B400160A0E14BF1FFEB004050E20200000A8B
S1139B50383094E5000053E31CEEFF0B0620A0E12F
S1139B600510A0E10400A0E17040BDE8C2FFFFEAD7
S1139B7001C0A0E10030A0E370402DE92C409FE536
S1139B800050A0E10210A0E10C00A0E1003084E547
S1139B903D0600EB010070E30200001A003094E57A
S1139BA0000053E3003085157040BDE81EFF2FE12F
S1139BB060CA00000030A0E370402DE928409FE512
S1139BC00050A0E10100A0E1003084E54E0600EB66
S1139BD0010070E30200001A003094E5000053E332
S1139BE0003085157040BDE81EFF2FE160CA0000FB
S1139BF010402DE91FF1FFEB340090E50C309FE598
S1139C00000050E30300A0011040BDE81EFF2FE157
S1139C1080C8000010402DE9004052E20400000A10
S1139C2048109FE50400A0E1C10000EB000050E3F0
S1139C300200001A38009FE51040BDE81EFF2FE126
S1139C402C109FE50400A0E1B90000EB000050E3F4
S1139C50F7FFFF0A0400A0E118109FE5B40000EB31
S1139C60000050E3F2FFFF0A0000A0E3F1FFFFEA67
S1139C707CBE000078BE0000FCBC000010402DE952
S1139C80FCF0FFEB343090E510209FE5000053E337
S1139C900230A0011040BDE82801D3E51EFF2FE1EA
S1139CA080C80000EC0090E51EFF2FE110402DE974
S1139CB0F0F0FFEBCDFFFFEB1040BDE8EC0090E5CA
S1139CC01EFF2FE170402DE90150A0E10040A0E10A
S1139CD0E8F0FFEB0520A0E10410A0E17040BDE82E
S1139CE0CBFFFFEA70402DE901E0A0E100C0A0E352
S1139CF030409FE50210A0E10050A0E10320A0E164
S1139D000E00A0E100C084E5130600EB010070E33F
S1139D100200001A003094E5000053E3003085157A
S1139D207040BDE81EFF2FE160CA0000F0412DE93C
S1139D3018809DE50370A0E10040A0E10150A0E17E
S1139D400260A0E1CBF0FFEB34C090E528309FE542
S1139D5000005CE303C0A00118808DE5E4E09CE50D
S1139D600730A0E10620A0E10510A0E10400A0E175
S1139D700EC0A0E1F041BDE81CFF2FE180C8000047
S1139D80000051E308D04DE204108D02000052E3BC
S1139D900800000A000053E30900000A0030D2E57D
S1139DA0003081E50020D2E5000092E20100A0131A
S1139DB008D08DE21EFF2FE10200A0E108D08DE261
S1139DC01EFF2FE10100E0E3F8FFFFEA70402DE9F8
S1139DD001E0A0E100C0A0E330409FE50210A0E153
S1139DE00050A0E10320A0E10E00A0E100C084E542
S1139DF0140600EB010070E30200001A003094E541
S1139E00000053E3003085157040BDE81EFF2FE1CC
S1139E1060CA000070402DE90140A0E1001091E506
S1139E20000051E30050A0E1F9FFFF1B0410A0E182
S1139E300500A0E15CEEFFEB7040BDE81EFF2FE1E2
S1139E40E8309FE5003093E5000053E11EFF2F0149
S1139E504C3090E5000053E370402DE90050A0E140
S1139E600F00000A0060A0E3061093E7000051E32E
S1139E700500000A004091E50500A0E14AEEFFEB71
S1139E80001054E2FAFFFF1A4C3095E5046086E2B4
S1139E90800056E3F3FFFF1A0310A0E10500A0E1E0
S1139EA041EEFFEB401095E5000051E30500A011E1
S1139EB03DEEFF1B481195E5000051E30800000A40
S1139EC0536F85E2060051E10500000A004091E568
S1139ED00500A0E134EEFFEB040056E10410A0E11C
S1139EE0F9FFFF1A541095E5000051E30500A01195
S1139EF02DEEFF1B383095E5000053E30100001AF6
S1139F007040BDE81EFF2FE13C3095E50500A0E15F
S1139F100FE0A0E113FF2FE1E01295E5000051E30B
S1139F20F6FFFF0A0500A0E17040BDE8B8FFFFEAB4
S1139F3040C0000001C020E003001CE32100001A1F
S1139F4003C010E20300C0E30310C1E3042090E463
S1139F50043091040600000A03C02CE2FF34E0E35D
S1139F608CC1A0E133CCA0E1043091E40C2082E167
S1139F700C3083E104402DE50140A0E3044484E176
S1139F80044884E104C042E0030052E102C0CC0171
S1139F9084031C010420900404309104F8FFFF0A98
S1139FA0020CA0E12224A0E1010050E3030C5021A3
S1139FB02334A001F9FFFF0AFF3003E2200C63E021
S1139FC004409DE41EFF2FE1030010E30600000A95
S1139FD00120D0E40130D1E4010052E30300522116
S1139FE0F8FFFF0A030042E01EFF2FE130002DE9D5
S1139FF00140A0E3044484E1044884E1042090E4A3
S113A000035001E20310C1E3043091E4020055E37C
S113A0101700000A2D00008AFF54C2E3230455E10F
S113A02004C042E002C0CCE10700001A84C31CE073
S113A030043091040600001A025025E0030C55E197
S113A0400800001A042090E4F2FFFFEA2334A0E1A0
S113A050360000EAFFC4DCE33100001A0030D1E529
S113A060225CA0E1310000EA225CA0E1FF3003E2BF
S113A0702E0000EA0258A0E104C042E02558A0E105
S113A08002C0CCE1230855E10E00001A84C31CE091
S113A090043091040400001A025025E0030855E13D
S113A0A00600001A042090E4F1FFFFEA0CC8B0E1B6
S113A0B01B00001AB030D1E12258A0E11B0000EAD5
S113A0C00338A0E12258A0E12338A0E1170000EAF8
S113A0D0FF5002E2230C55E104C042E002C0CCE18F
S113A0E00700001A84C31CE0043091040600001A1F
S113A0F0025025E0030455E10600001A042090E410
S113A100F2FFFFEA233CA0E1080000EAFF0012E3AB
S113A1100300000A043091E42254A0E1FF34C3E3B5
S113A120020000EA0000A0E33000BDE81EFF2FE1BA
S113A130FF2005E2FF0003E2010050E3020050218A
S113A1402554A0012334A001F8FFFF0A000042E0D7
S113A1503000BDE81EFF2FE1F0412DE9006050E220
S113A1600150A0E10240A0E10200000A383096E567
S113A170000053E34200000AFC10D4E1180094E507
S113A1800138A0E1020713E32328A0E1080084E5D5
S113A1902200000A103094E5000053E31F00000A77
S113A1A0020A12E364209405022AC203021A8103FC
S113A1B064208405002094E5BC10C401141094E5C7
S113A1C0033042E0FF5005E2010053E10570A0E1D5
S113A1D0013083B2220000AA081094E5010082E253
S113A1E0011041E2081084E5000084E50050C2E556
S113A1F0142094E5030052E11200000ABC30D4E1BB
S113A2000A0055E30050A01301500302000055E377
S113A2100C00001A0700A0E1F041BDE81EFF2FE189
S113A2200410A0E10600A0E136E4FFEB000050E3D7
S113A2300900001AFC10D4E10128A0E1103094E5D3
S113A2402228A0E1D5FFFFEA0410A0E10600A0E166
S113A250C8EBFFEB000050E3EDFFFF0A0070E0E302
S113A260EBFFFFEA0410A0E10600A0E1C1EBFFEB65
S113A270000050E3F8FFFF1A0130A0E3002094E54A
S113A280D4FFFFEA51ECFFEBBAFFFFEA70402DE97F
S113A2900150A0E10040A0E176EFFFEB0520A0E132
S113A2A00410A0E17040BDE8AAFFFFEAF0402DE9E8
S113A2B0006051E214D04DE20040A0E10350A0E15F
S113A2C01400000A0270A0E16AEFFFEB343090E55D
S113A2D074209FE5000053E30230A0010610A0E1C2
S113A2E00720A0E1E06093E50400A0E10530A0E1CF
S113A2F00FE0A0E116FF2FE1010070E30020A003AE
S113A3008A30A003002085050030840514D08DE236
S113A310F040BDE81EFF2FE156EFFFEB343090E52F
S113A32024209FE5000053E30230A00104108DE2D5
S113A3300620A0E10400A0E1E06093E50530A0E17F
S113A3400FE0A0E116FF2FE1EAFFFFEA80C800005A
S113A350F0402DE90040A0E114D04DE20170A0E1ED
S113A3600260A0E143EFFFEB000054E30050A0E1E2
S113A3701300000A3FEFFFEB343090E574209FE5B3
S113A380000053E30230A0010410A0E10720A0E183
S113A390E04093E50500A0E10630A0E10FE0A0E174
S113A3A014FF2FE1010070E30020A0038A30A00312
S113A3B0002086050030850514D08DE2F040BDE80C
S113A3C01EFF2FE12BEFFFEB343090E524209FE5B7
S113A3D0000053E30230A00104108DE20420A0E148
S113A3E00500A0E1E04093E50630A0E10FE0A0E124
S113A3F014FF2FE1EAFFFFEA80C80000F0412DE9D5
S113A4000370A0E10040A0E10150A0E10260A0E1DE
S113A41018EFFFEB34C090E524309FE500005CE3C7
S113A42003C0A001E0E09CE50730A0E10620A0E124
S113A4300510A0E10400A0E10EC0A0E1F041BDE8D8
S113A4401CFF2FE180C80000000051E30500000A52
S113A450FF0052E38A30A0830020C1950010E083FE
S113A4600110A093003080850100A0E11EFF2FE1C0
S113A470012051E21EFF2F013600003A010050E195
S113A4802200009A020011E12300000A0E0211E3E7
S113A4908111A0010830A0030130A013010251E38F
S113A4A0000051310112A0310332A031FAFFFF3A0A
S113A4B0020151E3000051318110A0318330A031F9
S113A4C0FAFFFF3A0020A0E3010050E10100402020
S113A4D003208221A10050E1A1004020A320822179
S113A4E0210150E12101402023218221A10150E1D9
S113A4F0A1014020A3218221000050E32332B011A6
S113A5002112A011EFFFFF1A0200A0E11EFF2FE1AC
S113A5100100A0030000A0131EFF2FE1010851E376
S113A5202118A0211020A0230020A033010C51E306
S113A5302114A02108208222100051E32112A0211D
S113A54004208222040051E303208282A12082900D
S113A5503002A0E11EFF2FE1000050E30000E013F1
S113A560590000EA000051E3FAFFFF0A03402DE915
S113A570BEFFFFEB0640BDE8920003E0031041E09C
S113A5801EFF2FE1000051E34300000A01C020E058
S113A59000106142012051E22700000A0030B0E1BE
S113A5A000306042010053E12600009A020011E1EC
S113A5B02800000A0E0211E38111A0010820A00363
S113A5C00120A013010251E3030051310112A03113
S113A5D00222A031FAFFFF3A020151E30300513194
S113A5E08110A0318220A031FAFFFF3A0000A0E3DD
S113A5F0010053E10130432002008021A10053E116
S113A600A1304320A2008021210153E121314320C4
S113A61022018021A10153E1A1314320A201802123
S113A620000053E32222B0112112A011EFFFFF1A00
S113A63000005CE3000060421EFF2FE100003CE1EB
S113A640000060421EFF2FE10000A033CC0FA001E8
S113A650010080031EFF2FE1010851E32118A0210E
S113A6601020A0230020A033010C51E32114A021C9
S113A67008208222100051E32112A021042082220A
S113A680040051E303208282A120829000005CE355
S113A6903302A0E1000060421EFF2FE1000050E3FE
S113A6A00201E0C30201A0B3070000EA000051E385
S113A6B0F9FFFF0A03402DE9B3FFFFEB0640BDE8B5
S113A6C0920003E0031041E01EFF2FE11EFF2FE183
S113A6D0021121E2000000EA023123E230402DE9B8
S113A6E08140A0E18350A0E1050034E10200300183
S113A6F000C0941102C09511C4CAF011C5CAF0116A
S113A7008C00000AA44AA0E1A55A74E0005065B286
S113A710060000DA054084E0022020E0033021E056
S113A720000022E0011023E0022020E0033021E0B9
S113A730360055E33040BD881EFF2F81020111E32E
S113A7400116A0E101C6A0E321168CE10100000A74
S113A750000070E20010E1E2020113E30336A0E11D
S113A76023368CE10100000A002072E20030E3E2AB
S113A770050034E16900000A014044E220E075E28A
S113A780050000BA12CEA0E1320590E00010A1E26B
S113A790130E90E05315B1E0060000EA205045E2A4
S113A7A020E08EE2010052E313CEA0E102C08C232C
S113A7B0530590E0C31FB1E0025101E20200005AC8
S113A7C000C07CE20000F0E20010E1E2010651E387
S113A7D00F00003A020651E30600003AA110B0E16E
S113A7E06000B0E16CC0A0E1014084E2842AA0E1F1
S113A7F0010572E36B00002A02015CE3A0C0B00112
S113A8000000B0E2041AA1E0051081E13040BDE887
S113A8101EFF2FE18CC0B0E10000B0E00110A1E008
S113A820010611E3014044E2F2FFFF1A000031E3A4
S113A8301430A0133430A0030010A0010000A003C2
S113A8400120A0E1010852E32228A0211030432274
S113A850010C52E32224A02108304322100052E3C9
S113A8602222A02104304322040052E30230432276
S113A870A2304330A23143E0202053E2070000AA73
S113A8800C2092E2040000DA14C082E20C2062E29E
S113A890110CA0E13112A0E1040000EA142082E2CC
S113A8A020C062D21112A0E1301C81D11002A0D1CB
S113A8B0034054E0041A81A0051081A13040BDA8D2
S113A8C01EFF2FA10440E0E11F4054E20F0000AA44
S113A8D00C4094E2060000CA144084E2202064E2A2
S113A8E03004A0E1110280E1311485E13040BDE87B
S113A8F01EFF2FE10C4064E2202064E23002A0E15C
S113A900110480E10510A0E13040BDE81EFF2FE1F5
S113A9103104A0E10510A0E13040BDE81EFF2FE1A5
S113A920000034E3013623E20116210201408402CF
S113A930015045128FFFFFEAC4CAF0E1C5CAF01105
S113A9401D00000A050034E1020030010400000A81
S113A95000C094E10310A0010200A0013040BDE852
S113A9601EFF2FE1030031E10010A0130000A0132B
S113A9703040BD181EFF2F11A4CAB0E10400001A14
S113A9808000B0E10110B1E0021181233040BDE844
S113A9901EFF2FE1014594E2011681323040BD389B
S113A9A01EFF2F31025101E27F1485E30F1681E36C
S113A9B00000A0E33040BDE81EFF2FE1C4CAF0E16F
S113A9C00310A0110200A011C5CAF0010130A011AA
S113A9D00020A011014690E10356920103003101C9
S113A9E0021781133040BDE81EFF2FE1000030E361
S113A9F00010A0031EFF2F0130402DE9014BA0E3FE
S113AA00324084E20050A0E30010A0E386FFFFEA96
S113AA10000030E30010A0031EFF2F0130402DE999
S113AA20014BA0E3324084E2025110E20000604294
S113AA300010A0E37CFFFFEA8020B0E1C211A0E196
S113AA406110A0E1020EA0E1FF341212FF043313DF
S113AA500E1321121EFF2F11000032E3FF043313E3
S113AA601EFF2F0130402DE90E4DA0E3025101E2FB
S113AA700211C1E36CFFFFEA012090E11EFF2F01E8
S113AA8030402DE90050A0E3060000EA012090E1E7
S113AA901EFF2F0130402DE9025111E20100005A3E
S113AAA0000070E20010E1E2014BA0E3324084E2D6
S113AAB021CBB0E144FFFF0A0320A0E3ACC1B0E125
S113AAC003208212ACC1B0E103208212AC2182E0E7
S113AAD0203062E210C3A0E13002A0E1110380E162
S113AAE03112A0E1024084E037FFFFEA70402DE913
S113AAF0FFC0A0E307CC8CE3214A1CE0235A1C10BE
S113AB000C0034110C0035117500000B054084E075
S113AB10036021E08C1AC1E18C3AC3E1015690E153
S113AB2003569211011681E3013683E31D00000AE6
S113AB3090C28EE00050A0E391E2A5E0022106E27B
S113AB4090E3A5E00060A0E39153A6E000003CE39D
S113AB5001E08E13FF4044E2020C56E3034CC4E2CE
S113AB600200002A8EE0B0E10550B5E00660A6E0E0
S113AB70861582E1A51A81E18505A0E1AE0A80E18E
S113AB808EE5A0E1FDC054E2070C5C831100008A4D
S113AB9002015EE3A0E0B0010000B0E2041AA1E00B
S113ABA07040BDE81EFF2FE1026106E2011086E15C
S113ABB0020080E1031021E0AC4054E00C5074C06A
S113ABC0041A81C17040BDC81EFF2FC1011681E364
S113ABD000E0A0E3014054E25D0000CA360074E3E3
S113ABE00000A0D3021101D27040BDD81EFF2FD1A6
S113ABF0004064E2204054E21A0000AA0C4094E2AF
S113AC000C0000CA144084E2205064E21035A0E134
S113AC103004A0E1110580E1022101E20211C1E347
S113AC20A30F90E03114A2E083E09EE1A30FC001E2
S113AC307040BDE81EFF2FE10C4064E2205064E246
S113AC401034A0E13005A0E1110480E1021101E219
S113AC50A30F90E00010A1E283E09EE1A30FC001E6
S113AC607040BDE81EFF2FE1205064E210E58EE144
S113AC703034A0E1113583E13104A0E1021101E295
S113AC803104C0E1A30F80E083E09EE1A30FC00183
S113AC907040BDE81EFF2FE1000034E30800001AF5
S113ACA0026101E28000B0E10110A1E0010611E3BC
S113ACB001404402FAFFFF0A061081E1000035E377
S113ACC01EFF2F11026103E28220B0E10330A3E0F2
S113ACD0010613E301504502FAFFFF0A063083E13F
S113ACE01EFF2FE10C0034E1235A0CE00C00351157
S113ACF00700000A816090E183609211E5FFFF1A6A
S113AD00031021E0021101E20000A0E37040BDE85D
S113AD101EFF2FE1816090E10200A0010310A00159
S113AD20836092111000000A0C0034E10100001A43
S113AD30016690E10C00001A0C0035E10300001AD2
S113AD40036692E10200A0110310A0110600001A8C
S113AD50031021E0021101E27F1481E30F1681E365
S113AD600000A0E37040BDE81EFF2FE17F1481E3E3
S113AD703E1781E37040BDE81EFF2FE170402DE9CE
S113AD80FFC0A0E307CC8CE3214A1CE0235A1C102B
S113AD900C0034110C0035115E00000B054044E03A
S113ADA003E021E0035692E10116A0E14C00000A01
S113ADB00336A0E10152A0E3233285E1223C83E182
S113ADC00224A0E1215285E1205C85E10064A0E138
S113ADD002110EE2030055E102005601FD40A4E217
S113ADE0034C84E20100002AA330B0E16220A0E118
S113ADF0026056E00350C5E0A330B0E16220A0E158
S113AE000106A0E302C7A0E302E056E003E0D5E0B8
S113AE10026046200E50A0210C008021A330B0E136
S113AE206220A0E102E056E003E0D5E002604620A3
S113AE300E50A021AC008021A330B0E16220A0E13B
S113AE4002E056E003E0D5E0026046200E50A02167
S113AE502C018021A330B0E16220A0E102E056E0A1
S113AE6003E0D5E0026046200E50A021AC01802111
S113AE7006E095E10D00000A0552A0E1265E85E199
S113AE800662A0E18331A0E1A23E83E18221A0E138
S113AE902CC2B0E1DBFFFF1A010611E30600001A21
S113AEA0001081E10000A0E302C1A0E3D5FFFFEAA6
S113AEB0010611E3001081010000A003FDC054E26B
S113AEC0070C5C8343FFFF8A03C055E002C05600B1
S113AED0A0C0B0010000B0E2041AA1E07040BDE8D7
S113AEE01EFF2FE102E10EE221168EE1AC4094E058
S113AEF00C5074C0041A81C17040BDC81EFF2FC11C
S113AF00011681E300E0A0E3014054E231FFFFEACF
S113AF1006E085E12FFFFFEA235A0CE00C0034E140
S113AF200C00350190FFFF0A0C0034E10600001A02
S113AF30014690E18CFFFF1A0C0035E183FFFF1AF4
S113AF400200A0E10310A0E187FFFFEA0C0035E155
S113AF500400001A035692E168FFFF0A0200A0E110
S113AF600310A0E180FFFFEA816090E18360921109
S113AF7048FFFF1A814090E174FFFF1A835092E169
S113AF805EFFFF1A78FFFFEA00C0E0E3020000EA78
S113AF9001C0A0E3000000EA01C0A0E304C02DE565
S113AFA081C0A0E1CCCAF0E183C0A0E1CCCAF01119
S113AFB00E00000A04D08DE281C090E183C09201AA
S113AFC003003111020030010000A0031EFF2F0115
S113AFD0000070E3030031E103005151020050010D
S113AFE0C30FA021C30FE031010080E31EFF2FE156
S113AFF081C0A0E1CCCAF0E10100001A01C690E1D1
S113B0000400001A83C0A0E1CCCAF0E1E8FFFF1AF3
S113B01003C692E1E6FFFF0A04009DE41EFF2FE150
S113B02000C0A0E10200A0E10C20A0E101C0A0E169
S113B0300310A0E10C30A0E1FFFFFFEA01402DE97D
S113B040D4FFFFEB000050E3000070430140BDE873
S113B0501EFF2FE108E02DE5F7FFFFEB0100A00341
S113B0600000A01308E09DE41EFF2FE108E02DE599
S113B070F1FFFFEB0100A0330000A02308E09DE4F2
S113B0801EFF2FE108E02DE5EBFFFFEB0100A0938D
S113B0900000A08308E09DE41EFF2FE108E02DE5F9
S113B0A0DEFFFFEB0100A0930000A08308E09DE415
S113B0B01EFF2FE108E02DE5D8FFFFEB0100A033D0
S113B0C00000A02308E09DE41EFF2FE181C0A0E161
S113B0D0CCCAF0E10100001A01C690E10600001A92
S113B0E083C0A0E1CCCAF0E10100001A03C692E1DA
S113B0F00100001A0000A0E31EFF2FE10100A0E3FD
S113B1001EFF2FE18120A0E1022692E20C00002A1A
S113B1100900005A3E3EE0E3C22A53E00A00009AC6
S113B1208135A0E1023183E3A03A83E1020111E316
S113B1303302A0E1000060121EFF2FE10000A0E333
S113B1401EFF2FE1010690E10200001A020111E244
S113B1500201E0031EFF2FE10000A0E31EFF2FE128
S113B160000053E3000052030400001A000051E3FE
S113B170000050030010E0130000E01352FDFFEA4A
S113B18008D04DE200602DE9030000EB04E09DE5EA
S113B19008D08DE20C00BDE81EFF2FE1030051E151
S113B1A0F84F2DE9020050010040A0E10150A0E158
S113B1B028A09DE50000A0330010A0333D00003A14
S113B1C00200A0E10310A0E10280A0E10390A0E14D
S113B1D0520000EB0510A0E100B0A0E10400A0E1E2
S113B1E04E0000EB00B04BE020204BE2197BA0E1C5
S113B1F0187287E120C06BE2387C87E1070055E1D3
S113B200186BA0E1060054010000A0330010A03325
S113B2100500003A01E0A0E3064054E01E12A0E15C
S113B2203E1C81E10750C5E01E0BA0E100005BE37A
S113B2302000000AA770B0E16660A0E10BE0A0E185
S113B240070000EA064054E00750C5E0044094E0DB
S113B2500550A5E0014094E20050A5E201E05EE261
S113B2600600000A070055E106005401F4FFFF2A16
S113B270044094E00550A5E001E05EE2F8FFFF1A07
S113B28034EBA0E115EC8EE135E28EE1046090E050
S113B2900E40A0E10570A1E0351BA0E10150A0E142
S113B2A0111BA0E11E1281E11E0BA0E13E1C81E1F5
S113B2B0000056E00110C7E000005AE330008A188D
S113B2C0F84FBDE81EFF2FE10000A0E31EFF2FE1B1
S113B2D00000E0E31EFF2FE1FCFFFFEA0000E0E3D3
S113B2E01EFF2FE10000A0E31EFF2FE10000E0E3BA
S113B2F01EFF2FE11EFF2FE1FDFFFFEA0000A0E388
S113B3001EFF2FE1FCFFFFEAFBFFFFEAFAFFFFEA63
S113B310F9FFFFEAF8FFFFEAF7FFFFEAF6FFFFEAAB
S113B32010402DE9000051E30200001A050000EB73
S113B330200080E2010000EA0100A0E1010000EB2E
S113B3401040BDE81EFF2FE11C10A0E3010850E3EC
S113B3502008A02110104122010C50E32004A02158
S113B36008104122100050E32002A02104104122C1
S113B37008208FE20000D2E7010080E01EFF2FE1E9
S113B38004030202010101010000000000000000AA
S113B39010402DE9E40100EB30309FE5000053E359
S113B3A0000093150300A00124309FE5000053E33F
S113B3B0001093150310A0010020A0E39CD3FFEB21
S113B3C010309FE5000053E388D6FF1BFEFFFFEA21
S113B3D00CCB000008CB0000F00D000070402DE9FC
S113B3E00050A0E11B0100EB004050E21D00000AE8
S113B3F078309FE5000053E30200000A003094E532
S113B400020053E3120000DA013045E2010053E385
S113B4100800009A0200A0E30410A0E1563412EFE1
S113B420000050E30030E003003084053D0100EBF0
S113B4307040BDE81EFF2FE1010055E30830A00372
S113B4400730E013002094E5033094E7030052E151
S113B450EFFFFF1A0030E0E30000A0E3003084E5D2
S113B4607040BDE81EFF2FE10000E0E3EFFFFFEABC
S113B4700000000004E02DE51800A0E304109FE59F
S113B480563412EFFEFFFFEA2600020070402DE959
S113B4900140A0E1EF0000EB005050E21700000A69
S113B4A03C20A0E30010A0E30400A0E11DEEFFEBAC
S113B4B0022AA0E3013BA0E348109FE5000051E30A
S113B4C0042084E52C3084E50300000A003095E56F
S113B4D0020053E30000A0D3060000DA0510A0E147
S113B4E00C00A0E3563412EF010070E31000841541
S113B4F00000A0130B0100EB7040BDE81EFF2FE11C
S113B5000000E0E3FBFFFFEA0000000010402DE92B
S113B510D00000EB001050E20B00000A34309FE52D
S113B520000053E30300000A003091E5020053E3F6
S113B5300100A0D3020000DA0900A0E3563412EFA0
S113B540F80000EB1040BDE81EFF2FE10100A0E170
S113B5501040BDE81EFF2FE10000000070402DE9FF
S113B56008D04DE20140A0E10250A0E1B90000EB97
S113B570006050E23000000A010055E32600000A92
S113B580020055E30900000A000055E30D00000A1B
S113B590610100EB1620A0E30030E0E3002080E529
S113B5A00300A0E108D08DE27040BDE81EFF2FE14A
S113B5B00C00A0E30610A0E1563412EF010070E382
S113B5C00F00000A004084E074309FE5000053E35C
S113B5D0003096E50100000A020053E3110000DA8E
S113B5E0000054E318008DE8E8FFFFBA0A00A0E366
S113B5F00D10A0E1563412EF010070E30400A01115
S113B60004408615C70000EB0030A0E10300A0E170
S113B61008D08DE27040BDE81EFF2FE1043096E5AE
S113B620034084E0E7FFFFEA3B0100EB0920A0E3CD
S113B6300030E0E3002080E5D8FFFFEA0030E0E3DB
S113B640D6FFFFEA0000000070402DE910D04DE263
S113B6500160A0E10250A0E17E0000EB004050E256
S113B6600E00000A003094E50600A0E348008DE9CE
S113B6700C508DE504108DE2563412EF010070E396
S113B68004309415000045100030831004308415F4
S113B690A40000EB10D08DE27040BDE81EFF2FE146
S113B6A00000E0E3FAFFFFEA70402DE910D04DE21C
S113B6B00160A0E10250A0E1660000EB004050E20E
S113B6C00E00000A003094E50500A0E348008DE96F
S113B6D00C508DE504108DE2563412EF010070E336
S113B6E00430941500004510003083100430841594
S113B6F08C0000EB10D08DE27040BDE81EFF2FE1FE
S113B7000000E0E3FAFFFFEA64109FE564209FE590
S113B710003091E5002092E5000083E0000052E350
S113B7200000521110402DE90A00003A0D20A0E15A
S113B730020053E10300009A000081E51040BDE8D7
S113B7400300A0E11EFF2FE10DC0A0E1012C80E267
S113B75002005CE1F7FFFF2AEF0000EB0C20A0E3FE
S113B7600030E0E3002080E51040BDE80300A0E1E4
S113B7701EFF2FE1F0C90000ECC900000030A0E377
S113B7800020E0E370402DE9BC409FE510D04DE27D
S113B790832184E7013083E2140053E3FBFFFF1AA3
S113B7A0A8309FE5000053E30A00000A0010A0E35C
S113B7B00120A0E30230A0E3001084E5082084E522
S113B7C0103084E50130A0E3A03084E510D08DE290
S113B7D07040BDE81EFF2FE10350A0E370609FE5B9
S113B7E008308DE50C508DE504608DE504108DE284
S113B7F00100A0E3563412EF0430A0E3000084E516
S113B80004608DE50C508DE508308DE503108DE066
S113B8100100A0E3563412EF0830A0E3080084E5E9
S113B82004608DE50C508DE504108DE208308DE543
S113B8300100A0E3563412EF010070E308309405D0
S113B840100084E510308405DDFFFFEA64CA0000BF
S113B850000000008CBF000070402DE94C409FE5C3
S113B860A03094E5000053E30050A0E10800000A72
S113B870130055E30800008A853194E7010073E35F
S113B880854184100400000A0400A0E17040BDE872
S113B8901EFF2FE1B8FFFFEBF4FFFFEA9E0000EB71
S113B8A00930A0E30040A0E3003080E5F5FFFFEAA3
S113B8B064CA000070402DE964409FE5A03094E51F
S113B8C0000053E30050A0E11300000A0030A0E39D
S113B8D0832194E7010072E38321A0E10900000AB7
S113B8E0013083E2140053E3F8FFFF1A8A0000EBEF
S113B8F00040A0E31830A0E3003080E50400A0E19C
S113B9007040BDE81EFF2FE1024084E00400A0E186
S113B910003085E57040BDE81EFF2FE196FFFFEB88
S113B920E9FFFFEA64CA0000010070E370402DE9FA
S113B9300040A0E10200000A0400A0E17040BDE85C
S113B9401EFF2FE1740000EB0010A0E30050A0E103
S113B9501300A0E3563412EF000085E50400A0E1D3
S113B9607040BDE81EFF2FE1F0412DE998419FE5AD
S113B970000054E308D04DE20200000A08D08DE232
S113B980F041BDE81EFF2FE1010CA0E35DFFFFEBDA
S113B990010070E30050A0E1F7FFFF0A013CA0E3BF
S113B9A00040C0E50D10A0E11500A0E300508DE5B6
S113B9B004308DE5563412EF0180A0E30860A0E165
S113B9C00400A0E10470A0E140419FE50520A0E14E
S113B9D00510A0E10030A0E3007084E500C0D1E5CB
S113B9E000005CE32F00000A000053E3011081E231
S113B9F00500001A000050E32800000A003094E516
S113BA00032180E7013083E2003084E520005CE319
S113BA101500000A27005CE322005C130E00001AE4
S113BA200030D1E5000053E30600001A1D0000EACF
S113BA30000050E30030C2150130F1E5012082120C
S113BA40000053E31700000A0C0053E1F7FFFF1A4C
S113BA50011081E20630A0E1DFFFFFEA000050E3BD
S113BA6000C0C21501208212F9FFFFEA000050E372
S113BA700600000A0070C2E500C0D1E500005CE3E6
S113BA80012082E20700000A011081E2D8FFFFEAE8
S113BA9000C0D1E500005CE30200000A011081E26D
S113BAA0003094E5D6FFFFEA010058E30800000ADD
S113BAB0020058E31200001A0030A0E30030C2E58F
S113BAC04C209FE5001094E5013180E7000082E5F9
S113BAD0A9FFFFEA050041E0100080E20F00C0E387
S113BAE0010C40E207FFFFEB000094E5040080E254
S113BAF00300C0E30001A0E102FFFFEB010070E3DB
S113BB009DFFFF0A018088E2AFFFFFEA000000000A
S113BB100CCB000008CB0000FEFFFFEA10402DE92B
S113BB2054E9FFEB1040BDE81EFF2FE170402DE902
S113BB3064609FE564509FE5056046E04661B0E1BE
S113BB400040A0130500000A014084E2043095E49B
S113BB500FE0A0E113FF2FE1040056E1F9FFFF1A03
S113BB603C609FE53C509FE5056046E0070100EB23
S113BB704661B0E10040A0130500000A014084E2E0
S113BB80043095E40FE0A0E113FF2FE1040056E137
S113BB90F9FFFF1A7040BDE81EFF2FE1A8BF0000A7
S10FBBA0A8BF0000C4BF0000A8BF000044
S107BBAC0000000091
S10BBBB0ECF5FF7F0100000029
S113BBB84C61626F7261746F6972653A2054696D81
S113BBC86572204952512000436F6E7374616E741C
S113BBD865204944203A2030782578200A0000005E
S113BBE868656C6C6F0000004572726F723A20765B
S113BBF8616C756520697320746F6F2062696700D2
S113BC084572726F723A206D61736B6C6564732050
S113BC18697320746F6F20626967000057726F6ED2
S113BC2867206E756D6265722E2049742073686F83
S113BC38756C64206265206265747765656E205B47
S113BC48303A335D0000000056616C7565206E6FF4
S113BC58742061636365707465642E20497420736D
S113BC68686F7564206265206265777465656E2007
S113BC785B3078303A3078665D2000004E6F74206F
S113BC88612076616C6964206D6F64650000000052
S113BC984E6F7420612076616C696420696E7465E6
S113BCA87272757074206D61736B000048C0000077
S113BCB80A000000202020202020202020202020EE
S113BCC820202020303030303030303030303030A8
S113BCD830303030494E4600696E66004E414E00A1
S113BCE86E616E003031323334353637383941427B
S113BCF8434445460000000030313233343536378A
S113BD08383961626364656600000000286E756CEA
S113BD186C29000030000000496E66696E69747908
S113BD28000000004E614E000500000019000000EC
S113BD387D00000000000000000000000000F03F4B
S113BD4800000000000024400000000000005940EA
S113BD580000000000408F40000000000088C3403D
S113BD6800000000006AF8400000000080842E41B2
S113BD7800000000D01263410000000084D79741FE
S113BD880000000065CDCD41000000205FA0024204
S113BD98000000E876483742000000A2941A6D4279
S113BDA8000040E59C30A2420000901EC4BCD6426C
S113BDB800003426F56B0C430080E03779C3414317
S113BDC800A0D8855734764300C84E676DC1AB438D
S113BDD8003D9160E458E143408CB5781DAF1544AB
S113BDE850EFE2D6E41A4B4492D54D06CFF0804486
S113BDF8F64AE1C7022DB544B49DD9794378EA449B
S113BE08BC89D897B2D29C3C33A7A8D523F6493924
S113BE183DA7F444FD0FA5329D978CCF08BA5B2546
S113BE28436FAC642806C80A0080E03779C34143ED
S113BE38176E05B5B5B89346F5F93FE9034F384D84
S113BE48321D30F94877825A3CBF737FDD4F157530
S113BE5820202020202020202020202020202020D6
S113BE6830303030303030303030303030303030C6
S113BE7843000000504F5349580000002E000000B2
S113BE88002020202020202020202828282828209E
S113BE982020202020202020202020202020202096
S113BEA820881010101010101010101010101010FE
S113BEB810040404040404040404041010101010EE
S113BEC810104141414141410101010101010101B8
S113BED8010101010101010101010101101010100A
S113BEE8101042424242424202020202020202028A
S113BEF802020202020202020202020210101010DE
S113BF082000000000000000000000000000000005
S113BF180000000000000000000000000000000015
S113BF280000000000000000000000000000000005
S113BF3800000000000000000000000000000000F5
S113BF4800000000000000000000000000000000E5
S113BF5800000000000000000000000000000000D5
S113BF6800000000000000000000000000000000C5
S113BF7800000000000000000000000000000000B5
S113BF88000000003A7474000DC0A0E1F8DF2DE948
S113BF9804B04CE228D04BE2F06F9DE81EFF2FE17D
S113BFA8E0360000345600004C5600006C6E000069
S113BFB8F8360000D801000068B900000DC0A0E1FF
S113BFC8F8DF2DE904B04CE228D04BE2F06F9DE88D
S113BFD81EFF2FE194010000000000004000000053
S113BFE840000000B8C9000018010000000000006B
S113BFF800000000000000003F00000006000000F0
S113C0085B0000004F000000660000006D000000A7
S113C0187D000000070000007F0000006F000000A2
S113C028770000007C000000390000005E0000007A
S113C038790000007100000048C000000000000002
S113C0480000000034C300009CC3000004C40000C6
S113C05800000000000000000000000000000000D4
S113C06800000000000000000000000000000000C4
S113C07800000000000000000000000000000000B4
S113C08800000000000000000000000000000000A4
S113C0980000000000000000000000000000000094
S113C0A80000000000000000000000000000000084
S113C0B80000000000000000000000000000000074
S113C0C80000000000000000000000000000000064
S113C0D80000000000000000000000000000000054
S113C0E80000000000000000010000000000000043
S113C0F80E33CDAB34126DE6ECDE05000B00000008
S113C1080000000000000000000000000000000023
S113C1180000000000000000000000000000000013
S113C1280000000000000000000000000000000003
S113C13800000000000000000000000000000000F3
S113C14800000000000000000000000000000000E3
S113C15800000000000000000000000000000000D3
S113C16800000000000000000000000000000000C3
S113C17800000000000000000000000000000000B3
S113C18800000000000000000000000000000000A3
S113C1980000000000000000000000000000000093
S113C1A80000000000000000000000000000000083
S113C1B80000000000000000000000000000000073
S113C1C80000000000000000000000000000000063
S113C1D80000000000000000000000000000000053
S113C1E80000000000000000000000000000000043
S113C1F80000000000000000000000000000000033
S113C2080000000000000000000000000000000022
S113C2180000000000000000000000000000000012
S113C2280000000000000000000000000000000002
S113C23800000000000000000000000000000000F2
S113C24800000000000000000000000000000000E2
S113C25800000000000000000000000000000000D2
S113C26800000000000000000000000000000000C2
S113C27800000000000000000000000000000000B2
S113C28800000000000000000000000000000000A2
S113C2980000000000000000000000000000000092
S113C2A80000000000000000000000000000000082
S113C2B80000000000000000000000000000000072
S113C2C80000000000000000000000000000000062
S113C2D80000000000000000000000000000000052
S113C2E80000000000000000000000000000000042
S113C2F80000000000000000000000000000000032
S113C3080000000000000000000000000000000021
S113C3180000000000000000000000000000000011
S113C3280000000000000000000000000000000001
S113C33800000000000000000000000000000000F1
S113C34800000000000000000000000000000000E1
S113C35800000000000000000000000000000000D1
S113C36800000000000000000000000000000000C1
S113C37800000000000000000000000000000000B1
S113C38800000000000000000000000000000000A1
S113C3980000000000000000000000000000000091
S113C3A80000000000000000000000000000000081
S113C3B80000000000000000000000000000000071
S113C3C80000000000000000000000000000000061
S113C3D80000000000000000000000000000000051
S113C3E80000000000000000000000000000000041
S113C3F80000000000000000000000000000000031
S113C4080000000000000000000000000000000020
S113C4180000000000000000000000000000000010
S113C4280000000000000000000000000000000000
S113C43800000000000000000000000000000000F0
S113C44800000000000000000000000000000000E0
S113C45800000000000000000000000000000000D0
S113C46800000000000000000000000000000000C0
S113C47870C4000070C4000078C4000078C40000D0
S113C48880C4000080C4000088C4000088C4000080
S113C49890C4000090C4000098C4000098C4000030
S113C4A8A0C40000A0C40000A8C40000A8C40000E0
S113C4B8B0C40000B0C40000B8C40000B8C4000090
S113C4C8C0C40000C0C40000C8C40000C8C4000040
S113C4D8D0C40000D0C40000D8C40000D8C40000F0
S113C4E8E0C40000E0C40000E8C40000E8C40000A0
S113C4F8F0C40000F0C40000F8C40000F8C4000050
S113C50800C5000000C5000008C5000008C50000FB
S113C51810C5000010C5000018C5000018C50000AB
S113C52820C5000020C5000028C5000028C500005B
S113C53830C5000030C5000038C5000038C500000B
S113C54840C5000040C5000048C5000048C50000BB
S113C55850C5000050C5000058C5000058C500006B
S113C56860C5000060C5000068C5000068C500001B
S113C57870C5000070C5000078C5000078C50000CB
S113C58880C5000080C5000088C5000088C500007B
S113C59890C5000090C5000098C5000098C500002B
S113C5A8A0C50000A0C50000A8C50000A8C50000DB
S113C5B8B0C50000B0C50000B8C50000B8C500008B
S113C5C8C0C50000C0C50000C8C50000C8C500003B
S113C5D8D0C50000D0C50000D8C50000D8C50000EB
S113C5E8E0C50000E0C50000E8C50000E8C500009B
S113C5F8F0C50000F0C50000F8C50000F8C500004B
S113C60800C6000000C6000008C6000008C60000F6
S113C61810C6000010C6000018C6000018C60000A6
S113C62820C6000020C6000028C6000028C6000056
S113C63830C6000030C6000038C6000038C6000006
S113C64840C6000040C6000048C6000048C60000B6
S113C65850C6000050C6000058C6000058C6000066
S113C66860C6000060C6000068C6000068C6000016
S113C67870C6000070C6000078C6000078C60000C6
S113C68880C6000080C6000088C6000088C6000076
S113C69890C6000090C6000098C6000098C6000026
S113C6A8A0C60000A0C60000A8C60000A8C60000D6
S113C6B8B0C60000B0C60000B8C60000B8C6000086
S113C6C8C0C60000C0C60000C8C60000C8C6000036
S113C6D8D0C60000D0C60000D8C60000D8C60000E6
S113C6E8E0C60000E0C60000E8C60000E8C6000096
S113C6F8F0C60000F0C60000F8C60000F8C6000046
S113C70800C7000000C7000008C7000008C70000F1
S113C71810C7000010C7000018C7000018C70000A1
S113C72820C7000020C7000028C7000028C7000051
S113C73830C7000030C7000038C7000038C7000001
S113C74840C7000040C7000048C7000048C70000B1
S113C75850C7000050C7000058C7000058C7000061
S113C76860C7000060C7000068C7000068C7000011
S113C77870C7000070C7000078C7000078C70000C1
S113C78880C7000080C7000088C7000088C7000071
S113C79890C7000090C7000098C7000098C7000021
S113C7A8A0C70000A0C70000A8C70000A8C70000D1
S113C7B8B0C70000B0C70000B8C70000B8C7000081
S113C7C8C0C70000C0C70000C8C70000C8C7000031
S113C7D8D0C70000D0C70000D8C70000D8C70000E1
S113C7E8E0C70000E0C70000E8C70000E8C7000091
S113C7F8F0C70000F0C70000F8C70000F8C7000041
S113C80800C8000000C8000008C8000008C80000EC
S113C81810C8000010C8000018C8000018C800009C
S113C82820C8000020C8000028C8000028C800004C
S113C83830C8000030C8000038C8000038C80000FC
S113C84840C8000040C8000048C8000048C80000AC
S113C85850C8000050C8000058C8000058C800005C
S113C86860C8000060C8000068C8000068C800000C
S113C878FFFFFFFF0000020043000000000000006B
S113C888000000000000000000000000000000009C
S113C8980000000000000000430000000000000049
S113C8A8000000000000000000000000000000007C
S113C8B80000000000000000430000000000000029
S113C8C8000000000000000000000000000000005C
S113C8D80000000000000000430000000000000009
S113C8E8000000000000000000000000000000003C
S113C8F800000000000000004300000000000000E9
S113C908000000000000000000000000000000001B
S113C91800000000000000004300000000000000C8
S113C92800000000000000000000000000000000FB
S113C93800000000000000004300000000000000A8
S113C94800000000000000000000000000000000DB
S113C958000000000000000048A40000809D0000C2
S113C9680000000088BE000084BE0000FCBC00007B
S113C978FCBC0000FCBC0000FCBC0000FCBC0000CB
S113C988FCBC0000FCBC0000FCBC0000FCBC0000BB
S113C998FFFFFFFFFFFFFFFFFFFFFFFFFFFF000099
S113C9A80100415343494900000000000000000011
S113C9B8000000000000000000000000000000006B
S113C9C800004153434949000000000000000000F2
S113C9D8000000000000000000000000000000004B
S113C9E800000000F8FFFF3F10CB0000000000002B
S9030120DB
