S02B00002E2E2F2E2E2F736F66742F70726F6A2F6170705F74696D65725F6972712F44656275672F6170705F98
S113000018F09FE518F09FE518F09FE518F09FE5BC
S113001018F09FE518F09FE518F09FE518F09FE5AC
S1130020000700000C070000180700002407000068
S11300303007000070BE0000AC0600003C07000062
S1130040240000EA84809FE5000058E380402DE905
S11300501D00000A0040A0E30050A0E370709FE57B
S1130060018048E2082097E504E097E50C6097E5F5
S113007002005EE1062082000700000A000056E349
S11300800500000A0E30A0E10300B3E80EC043E00F
S113009006005CE10300A2E8FAFFFF1A100097E5EE
S11300A0000050E30230A0110300000A3000A3E86E
S11300B0021043E0010050E1FBFFFF1A018048E217
S11300C0010078E3147087E2E5FFFF1A852D00EB49
S11300D00100000078C300003C108FE21600A0E38A
S11300E0563412EF000050E3080000BA28209FE5C0
S11300F01CD09FE5080092E5000050E300D0A01159
S113010010109FE5040092E5000050E30000811503
S1130110CBFFFFEAF8FFFF3F84CD0000B0CE000024
S113012000D01FE5C6FFFFEAF8FFFF3F1C309FE544
S11301301C009FE5003043E0060053E31EFF2F91AF
S113014010309FE5000053E31EFF2F0113FF2FE142
S113015093CD000090CD00000000000024109FE526
S113016024009FE5001041E04111A0E1A11F81E0BE
S1130170C110B0E11EFF2F0110309FE5000053E3D2
S11301801EFF2F0113FF2FE190CD000090CD000042
S11301900000000010402DE92C409FE50030D4E51C
S11301A0000053E30600001ADFFFFFEB1C309FE55D
S11301B0000053E318009F150000A0110130A0E3D4
S11301C00030C4E51040BDE81EFF2FE190CD0000D3
S11301D00000000004BF000040309FE5000053E32E
S11301E010402DE938109F1538009F150000A0110C
S11301F034009FE5003090E5000053E30100001A4D
S11302001040BDE8D4FFFFEA20309FE5000053E32F
S1130210FAFFFF0A0FE0A0E113FF2FE1F7FFFFEA67
S11302200000000094CD000004BF000090C3000053
S11302300000000000482DE904B08DE238D04DE202
S1130240A8029FE52C0400EB2E0300EB3D0100EB1C
S11302505A0100EB4E0100EBA90100EBCC0100EBCD
S1130260980100EBBC0100EB84329FE50020A0E381
S1130270002083E520304BE20010A0E30300A0E15E
S11302809E0000EB6C329FE514300BE514301BE547
S1130290003093E50310A0E15C029FE5C30300EB8B
S11302A00030A0E308300BE5050000EA0010A0E3ED
S11302B008001BE5BA0200EB08301BE5013083E2BD
S11302C008300BE508301BE5030053E3F6FFFFDAC3
S11302D00030A0E334300BE5E90100EB18000BE536
S11302E00C329FE5003093E5000053E32300000A3D
S11302F0FC319FE50020A0E3002083E5020CA0E38D
S11303003D0200EB1C301BE5000053E30800001A1B
S113031020301BE5000053E30800000A20301BE5F1
S1130320013043E220300BE50930A0E31C300BE53B
S1130330020000EA1C301BE5013043E21C300BE5EF
S11303401C301BE5000053E30500001A20301BE5B8
S1130350000053E30200001A100300EB010CA0E3B9
S11303600D0200EB30004BE220304BE2060093E834
S1130370710000EB30304BE20F0093E8A60000EB75
S11303800030A0E338300BE50030A0E30C300BE57F
S11303900B0000EA0C001BE52E0200EB0030A0E18C
S11303A00310A0E138204BE20C301BE5033082E05F
S11303B00120A0E10020C3E50C301BE5013083E2FD
S11303C00C300BE50C301BE5030053E3F0FFFFDAC0
S11303D038305BE5000053E30D00000A34305BE580
S11303E0013023E2FF3003E2000053E30800000A77
S11303F020301BE5000053E30200001A1C301BE50B
S1130400000053E30200000AEB0200EB010CA0E33E
S1130410C90100EB37305BE5000053E30700000A35
S113042033305BE5013023E2FF3003E2000053E3A5
S11304300200000AD90200EB010CA0E3D60100EB94
S113044036305BE5000053E31500000A32305BE50B
S1130450013023E2FF3003E2000053E31000000AFE
S113046018301BE5FF3003E20300A0E1940100EB28
S113047018301BE5FF2003E220304BE20210A0E11C
S11304800300A0E11D0000EB30004BE220304BE202
S1130490060093E8280000EB30304BE20F0093E8AD
S11304A05D0000EB0030A0E310300BE50B0000EA28
S11304B038204BE210301BE5033082E00010D3E516
S11304C034204BE210301BE5033082E00120A0E130
S11304D00020C3E510301BE5013083E210300BE54A
S11304E010301BE5030053E3F0FFFFDA79FFFFEA66
S11304F010BF0000B0CD0000000020FF28BF0000A6
S113050004B02DE500B08DE20CD04DE208000BE5FF
S11305100C100BE508301BE50C201BE5002083E5DF
S113052008301BE50020A0E3042083E50000A0E1DF
S113053000D04BE204B09DE41EFF2FE104B02DE592
S113054000B08DE214D04DE208000BE510304BE210
S1130550060083E810301BE5B0209FE59312C2E04B
S1130560C222A0E1C33FA0E1032042E008301BE522
S1130570002083E510301BE594209FE5921383E06F
S1130580A331A0E10310A0E188309FE59123C3E0EB
S11305904321A0E1C13FA0E1032042E00230A0E1F9
S11305A00331A0E1023083E08330A0E1032041E085
S11305B008301BE5042083E510301BE50310A0E19F
S11305C050309FE59123C3E04321A0E1C13FA0E166
S11305D0032042E00230A0E10331A0E1023083E0D5
S11305E08330A0E1032041E008301BE5082083E5C7
S11305F00C301BE50320A0E108301BE50C2083E54B
S11306000000A0E100D04BE204B09DE41EFF2FE106
S11306101F85EB51CDCCCCCC6766666600482DE9CE
S113062004B08DE210D04DE214C04BE20F008CE810
S113063008301BE50310A0E10000A0E3D80100EBA3
S11306400C301BE50310A0E10100A0E3D40100EB92
S113065010301BE50310A0E10200A0E3D00100EB81
S113066014301BE50310A0E10300A0E3CC0100EB70
S11306700000A0E104D04BE20048BDE81EFF2FE1DA
S113068000482DE904B08DE29B0200EB14309FE595
S11306900120A0E3002083E50000A0E104D04BE2A8
S11306A00048BDE81EFF2FE1B0CD000004E04EE29B
S11306B00F582DE918B08DE20CD04DE234309FE58F
S11306C0003093E520300BE520301BE5C90053E3EF
S11306D00100001AE9FFFFEB000000EAFEFFFFEA59
S11306E014209FE520301BE5003082E50000A0E1E6
S11306F018D04BE20F98FDE80CC1FEFF10C1FEFFBD
S113070004B02DE500B08DE2FEFFFFEA04B02DE554
S113071000B08DE2FEFFFFEA04B02DE500B08DE2EB
S1130720FEFFFFEA04B02DE500B08DE2FEFFFFEA14
S113073004B02DE500B08DE2FEFFFFEA04B02DE524
S113074000B08DE2FEFFFFEA04B02DE500B08DE2BB
S11307500CD04DE20730E0E308300BE5D230A0E3E3
S11307600C300BE50C301BE503F029E108301BE5E8
S113077003D0A0E1D330A0E30C300BE50C301BE533
S113078003F029E10000A0E100D04BE204B09DE4B5
S11307901EFF2FE104B02DE500B08DE20CD04DE238
S11307A05330A0E308300BE508301BE503F029E1E2
S11307B00000A0E100D04BE204B09DE41EFF2FE155
S11307C000482DE904B08DE20110A0E3C900A0E3C4
S11307D00F0000EB2C309FE5FF20A0E3002083E511
S11307E024309FE50120A0E3002083E51C309FE531
S11307F00120A0E3002083E50000A0E104D04BE247
S11308000048BDE81EFF2FE104C1FEFF00C1FEFF4A
S113081000D0FEFF04B02DE500B08DE21CD04DE207
S113082018000BE51C100BE518301BE5C331A0E1E3
S11308300330C3E308300BE518301BE51F3003E237
S11308400C300BE50120A0E30C301BE51233A0E1D2
S113085010300BE508301BE54B3B43E2033C43E21D
S113086014300BE514301BE514201BE5001092E551
S113087010201BE5022081E1002083E518301BE5F0
S11308800330C3E308300BE518301BE5033003E203
S11308900C300BE508201BE50C301BE5033082E02F
S11308A04A3B43E214300BE514301BE51C201BE5E6
S11308B0FF2002E20020C3E50000A0E100D04BE2EB
S11308C004B09DE41EFF2FE100482DE904B08DE241
S11308D008D04DE220309FE508300BE50020A0E36E
S11308E018109FE508001BE5490000EB0000A0E19B
S11308F004D04BE20048BDE81EFF2FE1040120FFB5
S1130900FF03000000482DE904B08DE208D04DE259
S11309100A30A0E305304BE534309FE50C300BE59D
S113092005305BE52C209FE51233A0E10120A0E314
S11309300310A0E10C001BE5350000EB0000A0E370
S11309407D0000EB0000A0E104D04BE20048BDE8CC
S11309501EFF2FE1040120FFFF03000000482DE9E2
S113096004B08DE208D04DE220309FE508300BE55D
S11309700020A0E30F16A0E308001BE5240000EB11
S11309800000A0E104D04BE20048BDE81EFF2FE1C7
S1130990040120FF00482DE904B08DE210D04DE29F
S11309A064309FE508300BE560309FE50C300BE5C3
S11309B00230A0E30D304BE50330A0E30E304BE5ED
S11309C00030A0E30F304BE50120A0E30F12E0E379
S11309D008001BE50E0000EB0D305BE50F205BE526
S11309E00210A0E10300A0E1ED0000EB0E305BE596
S11309F00810A0E30300A0E1AD0000EB0000A0E1BB
S1130A0004D04BE20048BDE81EFF2FE1240120FF83
S1130A10200120FF04B02DE500B08DE214D04DE29A
S1130A2008000BE50C100BE50230A0E10D304BE59E
S1130A300D305BE5000053E30700001A08301BE5A6
S1130A40002093E50C301BE50330E0E1032002E0D5
S1130A5008301BE5002083E5050000EA08301BE5AB
S1130A60002093E50C301BE5032082E108301BE5F0
S1130A70002083E50000A0E100D04BE204B09DE437
S1130A801EFF2FE104B02DE500B08DE20CD04DE245
S1130A9028309FE508300BE508301BE5003093E56E
S1130AA0033BA0E1233BA0E10C300BE50C301BE53C
S1130AB00300A0E100D04BE204B09DE41EFF2FE14F
S1130AC0000120FF00482DE904B08DE210D04DE272
S1130AD010000BE558309FE508300BE510301BE59E
S1130AE0010B53E30200003A48009FE5020200EBC9
S1130AF00C0000EA08301BE5003093E50C300BE5F0
S1130B000C301BE5FF3AC3E3033BC3E30C300BE5B6
S1130B1010301BE50325A0E10C301BE5032082E126
S1130B2008301BE5002083E504D04BE20048BDE813
S1130B301EFF2FE1000120FF40BF000000482DE907
S1130B4004B08DE210D04DE210000BE540309FE57B
S1130B5008300BE510301BE5010B53E30200003AAB
S1130B6030009FE5E40100EB060000EA08301BE5D5
S1130B70002093E510301BE50335A0E1032082E15A
S1130B8008301BE5002083E504D04BE20048BDE8B3
S1130B901EFF2FE1100120FF58BF000000482DE97F
S1130BA004B08DE210D04DE210000BE540309FE51B
S1130BB008300BE510301BE5010B53E30200003A4B
S1130BC030009FE5CC0100EB060000EA08301BE58D
S1130BD0002093E510301BE50335A0E1032082E1FA
S1130BE008301BE5002083E504D04BE20048BDE853
S1130BF01EFF2FE1140120FF58BF000000482DE91B
S1130C0004B08DE218D04DE218000BE540309FE5AA
S1130C1008300BE508301BE5003093E52335A0E1EF
S1130C20033BA0E1233BA0E10C300BE50C201BE5CA
S1130C3018301BE5023023E010300BE510001BE5F3
S1130C409FFFFFEB0000A0E104D04BE20048BDE8A9
S1130C501EFF2FE1000120FF04B02DE500B08DE25E
S1130C6014D04DE210000BE540309FE508300BE551
S1130C7008301BE5003093E5232AA0E110301BE582
S1130C803233A0E1013003E20C300BE50C301BE5FC
S1130C90000053E30130A0030030A013FF3003E24F
S1130CA00300A0E100D04BE204B09DE41EFF2FE15D
S1130CB0000120FF00482DE904B08DE210D04DE280
S1130CC010000BE514100BE5CC309FE50C300BE560
S1130CD010301BE5030053E303F19F97180000EA6B
S1130CE0F00C0000FC0C0000140D00002C0D0000A2
S1130CF07F30A0E308300BE5140000EAFE3DA0E3DA
S1130D0008300BE514301BE58333A0E114300BE508
S1130D100E0000EA7F39A0E308300BE514301BE530
S1130D200337A0E114300BE5080000EAFE36A0E327
S1130D3008300BE514301BE5833AA0E114300BE5D1
S1130D40020000EA54009FE5180100EB0F0000EADE
S1130D500C301BE5002093E508301BE50330E0E18F
S1130D60032002E00C301BE5002083E50C301BE57A
S1130D70002093E514301BE50310E0E108301BE587
S1130D80013003E0032082E10C301BE5002083E501
S1130D9004D04BE20048BDE81EFF2FE1200120FFF4
S1130DA074BF000000482DE904B08DE208D04DE284
S1130DB008000BE50C100BE50C301BE50F0053E3AA
S1130DC00300009A0C101BE528009FE5F70000EBD8
S1130DD0050000EA20209FE50C301BE5033192E773
S1130DE00310A0E108001BE5B1FFFFEB04D04BE2C8
S1130DF00048BDE81EFF2FE1ACBF000098C300000F
S1130E0000482DE904B08DE218D04DE218000BE53E
S1130E10E4309FE50C300BE518301BE5030053E389
S1130E2003F19F972C0000EA380E0000480E0000E2
S1130E305C0E0000BC0E00000C301BE5003093E596
S1130E407F3003E2280000EA0C301BE5003093E514
S1130E50A333A0E17F3003E2230000EA0C301BE55A
S1130E60003093E50330E0E12337A0E17F3003E273
S1130E7010300BE50030A0E308300BE50A0000EA6F
S1130E8078209FE508301BE5032192E710301BE52D
S1130E90030052E10100001A08301BE5120000EAC9
S1130EA008301BE5013083E208300BE508301BE510
S1130EB00F0053E3F1FFFFDA0B0000EA0C301BE5EF
S1130EC0003093E50330E0E1A33AA0E17F3003E290
S1130ED010300BE510301BE5030000EA20009FE50D
S1130EE0050100EB0030E0E3FFFFFFEA0300A0E1AF
S1130EF004D04BE20048BDE81EFF2FE1200120FF93
S1130F0098C30000ECBF000000482DE904B08DE256
S1130F10160000EB0100A0E32E0000EB0000A0E3AC
S1130F204B0000EB10009FE5680000EB0000A0E11F
S1130F3004D04BE20048BDE81EFF2FE1A0252600A7
S1130F4004B02DE500B08DE21C209FE518309FE52C
S1130F50003093E5013083E3003082E50000A0E136
S1130F6000D04BE204B09DE41EFF2FE10800D0FF47
S1130F7004B02DE500B08DE21C209FE518309FE5FC
S1130F80003093E50130C3E3003082E50000A0E1C6
S1130F9000D04BE204B09DE41EFF2FE10800D0FF17
S1130FA000482DE904B08DE2F0FFFFEB0000A0E162
S1130FB004D04BE20048BDE81EFF2FE100482DE9B4
S1130FC004B08DE2DDFFFFEB0000A0E104D04BE2B2
S1130FD00048BDE81EFF2FE100482DE904B08DE272
S1130FE008D04DE20030A0E105304BE505305BE56B
S1130FF0000053E30200000A010053E30600000A64
S11310000B0000EA40209FE53C309FE5003093E56B
S11310100230C3E3003082E5070000EA28209FE5A0
S113102024309FE5003093E5023083E3003082E50D
S1131030010000EA14009FE5AF0000EB0000A0E10E
S113104004D04BE20048BDE81EFF2FE10800D0FFAA
S113105018C0000000482DE904B08DE208D04DE22C
S11310600030A0E105304BE505305BE5000053E3BB
S11310700200000A010053E30600000A0B0000EA24
S113108040209FE53C309FE5003093E50430C3E306
S1131090003082E5070000EA28209FE524309FE520
S11310A0003093E5043083E3003082E5010000EA78
S11310B014009FE5900000EB0000A0E104D04BE297
S11310C00048BDE81EFF2FE10800D0FF2CC000003F
S11310D004B02DE500B08DE20CD04DE208000BE524
S11310E010209FE508301BE5003082E500D04BE27C
S11310F004B09DE41EFF2FE10000D0FF04B02DE5F5
S113110000B08DE20CD04DE214309FE5003093E541
S113111008300BE50000A0E100D04BE204B09DE4F0
S11311201EFF2FE1A400D0FF0030A0E310402DE902
S11311300010A0E10320A0E10300A0E19D0900EB61
S11311401040BDE81EFF2FE110402DE90010A0E380
S11311500040A0E1D60900EB18309FE5000093E5BC
S11311603C3090E5000053E30FE0A01113FF2F1172
S11311700400A0E1942900EB48C000000E002DE912
S113118004E02DE508D04DE210C08DE20C30A0E162
S11311900C209DE5081090E504C08DE5740000EB7B
S11311A008D08DE204E09DE40CD08DE21EFF2FE117
S11311B00F002DE904E02DE50CD04DE2831400EB83
S11311C014C08DE210209DE5081090E50C30A0E1DC
S11311D004C08DE5660000EB0CD08DE204E09DE4D4
S11311E010D08DE21EFF2FE130402DE90050A0E128
S11311F024D04DE20100A0E10140A0E1440000EB55
S113120001C0A0E30210A0E3383095E5E4209FE597
S1131210000053E30CE080E010308DE210408DE5D7
S113122014008DE50CE08DE5084095E51CC08DE5C6
S113123008108DE518208DE504308DE52A00000A9C
S1131240643094E5FC20D4E1010013E30238A0E10A
S11312501D00001A020413E32338A0E11600000A5B
S1131260020A13E364309405022A8203023AC30398
S1131270BC20C401643084050500A0E104208DE293
S11312800410A0E1D61200EB643094E5000050E3B2
S11312900A50A0030050E013010013E30200001AF7
S11312A0BC30D4E1020C13E30900000A0500A0E1FC
S11312B024D08DE23040BDE81EFF2FE1580084E2C7
S11312C0E72800EBFC20D4E10238A0E12338A0E1B8
S11312D0E2FFFFEA580084E2DF2800EB0500A0E10A
S11312E024D08DE23040BDE81EFF2FE10500A0E1CF
S11312F00C1100EBD1FFFFEA4CC0000010402DE9B7
S11313000040A0E1311400EB0410A0E11040BDE85E
S1131310B4FFFFEA0310C0E3030010E2000060E240
S1131320043091E404C080E28CC1A0E10020E0E339
S1131330323C831101C0A0E30CC48CE10CC88CE1E5
S11313400C2043E00320C2E18C2312E0043091041A
S113135004008002F9FFFF0AFF0013E3010080127A
S1131360FF0C131301008012FF08131301008012F5
S11313701EFF2FE1F04F2DE943DF4DE20350A0E1C2
S113138001A0A0E10240A0E10060A0E124008DE5FD
S1131390141400EB003090E50300A0E15C308DE50F
S11313A0DBFFFFEB000056E358008DE538508DE578
S11313B00200000A383096E5000053E3DB00000A1F
S11313C064309AE5FC20DAE1010013E30238A0E17D
S11313D0B000001A020413E32338A0E1A900000AB4
S11313E0020A13E30600001A64309AE5022A82E333
S11313F0023AC3E3BC20CAE10228A0E164308AE5D2
S11314002238A0E1080013E3A400000A10209AE5A2
S1131410000052E3A100000A1A2003E20A0052E38A
S1131420A700000A0030A0E304B0A0E150308DE52D
S11314304C308DE554308DE568308DE56C308DE5AC
S113144028308DE560308DE564308DE5C8908DE2FF
S11314509C308DE598308DE5083F9FE594908DE5AF
S11314602CA08DE5108083E20030DBE5250053E3FA
S1131470000053130B40A0E11300000A0130F4E50F
S1131480000053E325005313FBFFFF1A0B5054E0F5
S11314900D00000A98309DE59C209DE5013083E213
S11314A0070053E3052082E000B089E5045089E594
S11314B098308DE59C208DE5089089D2930000CA70
S11314C028309DE5053083E028308DE50030D4E5F3
S11314D0000053E34703000A0020A0E300A0E0E378
S11314E00230A0E17720CDE50200A0E134208DE5B3
S11314F018208DE50250A0E101B084E20120D4E57A
S11315000A60A0E101C0A0E32BE0A0E32040A0E337
S113151001B08BE2201042E2580051E301F19F97A1
S1131520680200EAC8190000C81E0000C81E0000B6
S1131530881D0000C81E0000C81E0000C81E000050
S1131540C81E0000C81E0000C81E00006C17000062
S1131550B01D0000C81E000094170000801B00008E
S1131560C81E00009C1D0000DC190000DC190000EE
S1131570DC190000DC190000DC190000DC19000093
S1131580DC190000DC190000DC190000C81E000092
S1131590C81E0000C81E0000C81E0000C81E0000AF
S11315A0C81E0000C81E0000C81E0000C81E00009F
S11315B0C81E0000901A0000E81D0000C81E0000AC
S11315C0E81D0000C81E0000C81E0000C81E000060
S11315D0C81E00006C1B0000C81E0000C81E0000CE
S11315E0C01D0000C81E0000C81E0000C81E000068
S11315F0C81E0000C81E0000D41D0000C81E000044
S1131600C81E0000041A0000C81E0000C81E000006
S1131610C81E0000C81E0000C81E0000C81E00002E
S1131620C81E0000C81E0000C81E0000C81E00001E
S11316303C1D0000181D0000E81D0000E81D00000E
S1131640E81D0000281D0000181D0000C81E000031
S1131650C81E00001C1C0000C81E0000481C00001E
S1131660A8170000C01B0000901C0000C81E00004A
S1131670A41C0000C81E000080190000C81E000041
S1131680C81E0000041C000058008AE2F42700EB86
S1131690FC20DAE10238A0E12338A0E14FFFFFEAA1
S11316A00A10A0E124009DE5EC0700EB000050E3E4
S11316B02100001ABC30DAE11A2003E20A0052E3E6
S11316C057FFFF1AFE20DAE1000052E354FFFFBA8D
S11316D064209AE5010012E30200001A020C13E3ED
S11316E058008A02DC27000B0530A0E10420A0E1A9
S11316F00A10A0E124009DE5A40700EB28008DE575
S113170028009DE543DF8DE2F04FBDE81EFF2FE189
S113171094208DE22C109DE524009DE5BC1B00EB7C
S1131720000050E3BB03001AC8908DE263FFFFEA98
S113173024009DE5FB0F00EB20FFFFEA64309AE5EF
S1131740010013E30200001ABC30DAE1020C13E3D7
S1131750E605000A0030E0E328308DE528009DE529
S113176043DF8DE2F04FBDE81EFF2FE138209DE5F9
S1131770001092E5042082E2000051E334108DE56C
S113178038208DE5050000AA34209DE5002062E2A2
S113179034208DE518209DE5042082E318208DE592
S11317A00020DBE559FFFFEA44208DE518309DE574
S11317B0205013E2DF04001A18309DE5103013E2C4
S11317C038209D155104001A18209DE5405012E25E
S11317D038209DE54D04000A0070A0E3B060D2E11A
S11317E0042082E238208DE50020A0E330208DE53E
S11317F07720CDE501007AE3C200000A075086E1B4
S1131800000055E300005A0318209DE58020C2E340
S11318100150A0130050A0031C208DE57F03001A83
S1131820000053E33303001A18309DE5015013E21E
S11318303003000A3030A0E3422F8DE2413062E5EC
S113184040208DE505005AE10A30A0A10530A0B181
S113185020308DE50030A0E348308DE530309DE543
S1131860000053E30200000A20309DE5013083E2CA
S113187020308DE51C309DE5023013E218308DE5F3
S113188020309D150230831220308D151C309DE5CB
S1131890843013E23C308DE5AE01001A34309DE50E
S11318A020209DE5026043E0000056E3A90100DA30
S11318B0100056E3540600DA98208DE2140092E8F2
S11318C00930A0E10410A0E10690A0E11070A0E3AB
S11318D00560A0E124409DE52C509DE5020000EA4E
S11318E0109049E2100059E3140000DA012082E26A
S11318F0700A9FE5070052E3101081E2810083E83B
S113190098208DE59C108DE5083083D2F3FFFFDA33
S113191094208DE20510A0E10400A0E13C1B00EB43
S1131920000050E39103001A109049E2100059E3BB
S1131930C8308DE29C109DE598209DE5EAFFFFCA22
S11319400650A0E10140A0E10960A0E10390A0E1FC
S1131950012082E20C3A9FE5044086E0070052E34E
S113196098208DE59C408DE5480089E8700100CA07
S11319707730DDE5089089E230308DE5760100EAC4
S113198044208DE518309DE5200013E39F04001AE0
S113199018309DE5100013E3E203001A18309DE5AA
S11319A038209DE5400013E30230A0E1DF03000A84
S11319B0B060D2E1042082E20130A0E338208DE55A
S11319C00070A0E387FFFFEA000050E30020DBE59E
S11319D00C30A0010400A001CCFEFFEA0010A0E33B
S11319E0307042E20120DBE4011181E0811087E0E4
S11319F0307042E2090057E3F9FFFF9A34108DE595
S1131A00C3FEFFEA000053E35C399FE544208DE503
S1131A107700CD1568308DE518309DE5200013E37F
S1131A206A04001A18309DE5100013E33405001A07
S1131A3018309DE5400013E30070A0130070A0036C
S1131A4038309DE5B060D3110060930504308312F3
S1131A500430830238308D1538308D0518209DE50B
S1131A60010012E34303000A073096E14103000A30
S1131A703030A0E34410DDE5022082E37830CDE588
S1131A807910CDE518208DE50230A0E355FFFFEA7B
S1131A90000053E318309DE5103083E344208DE5C6
S1131AA07700CD1518308DE518309DE5200013E33F
S1131AB04D04001A18309DE5100013E31605001AB2
S1131AC018309DE5400013E37C04000A38309DE59E
S1131AD0F060D3E1043083E2C67FA0E138308DE5C5
S1131AE00620A0E10730A0E1000052E30030D3E279
S1131AF06B0400BA7730DDE501007AE330308DE520
S1131B000130A0E33CFFFF1A010053E3C602000AC0
S1131B10020053E3C8108D125C02001AC8308DE233
S1131B200320A0E168C09DE52632A0E1073E83E1E1
S1131B302702A0E10F1006E20070A0E10360A0E11B
S1131B400130DCE7071096E1013062E5F5FFFF1A8A
S1131B500230A0E140208DE518209DE51C208DE594
S1131B60C8208DE2035042E035FFFFEA18209DE5CE
S1131B70082082E318208DE50020DBE563FEFFEA00
S1131B800020DBE52A0052E301108BE26106000A23
S1131B90307042E2090057E301B0A0E105A0A0E1E2
S1131BA05BFEFF8A0120DBE40AA18AE08AA087E0C9
S1131BB0307042E2090057E3F9FFFF9A54FEFFEA4E
S1131BC07830A0E33020A0E338109DE518009DE5AF
S1131BD07930CDE544308DE5043081E238308DE54F
S1131BE088379FE5020080E368308DE5006091E569
S1131BF018008DE57820CDE50070A0E30230A0E365
S1131C00F8FEFFEA000053E360379FE544208DE5CA
S1131C107700CD1568308DE57EFFFFEA0020DBE517
S1131C206C0052E318209D0518109D152020820396
S1131C301010811318208D0518108D150120DB0557
S1131C4001B08B0231FEFFEA000053E318309DE53A
S1131C507700CD15200013E32B05001A18309DE5FD
S1131C60100013E3AB00001A18309DE5400013E3A5
S1131C70A800000A38209DE5003092E5042082E2A5
S1131C8038208DE5B822DDE1B020C3E1F5FDFFEA9F
S1131C9018209DE5202082E318208DE50020DBE557
S1131CA01AFEFFEA0040A0E338309DE544208DE5AC
S1131CB0002093E5040052E140208DE57740CDE516
S1131CC0046083E27005000A01007AE33805000A23
S1131CD00A20A0E10410A0E140009DE50C1400EBF3
S1131CE0000050E39505000A04A0A0E140309DE502
S1131CF0035040E018309DE51C308DE5C53FC5E13B
S1131D0020308DE57730DDE538608DE548A08DE540
S1131D1030308DE5D0FEFFEA000053E344208DE52A
S1131D207700CD155FFFFFEA18209DE5402082E390
S1131D3018208DE50020DBE5F4FDFFEA0030A0E388
S1131D4044208DE50120A0E338009DE50250A0E188
S1131D5020208DE530308DE5002090E518C09DE50C
S1131D607730CDE503A0A0E148308DE5043080E272
S1131D7038308DE5A0308DE21CC08DE5A020CDE586
S1131D8040308DE5BAFEFFEA18209DE5012082E38C
S1131D9018208DE50020DBE5DCFDFFEA18209DE539
S1131DA0802082E318208DE50020DBE5D7FDFFEAE3
S1131DB00020DBE50C30A0E10E00A0E1D3FDFFEA3A
S1131DC018309DE5103083E344208DE518308DE50F
S1131DD075FEFFEA18309DE5103083E344208DE55D
S1131DE018308DE5E6FEFFEA000053E318309DE568
S1131DF07700CD15080013E338309DE544208DE5C8
S1131E00076083E23104000A0730C6E3082083E256
S1131E1038208DE5002093E5043093E550208DE5CE
S1131E2054308DE554309DE550509DE50241C3E3A7
S1131E300500A0E10410A0E10020E0E330359FE5B7
S1131E40772500EB000050E3A403001A0500A0E18D
S1131E500410A0E10020E0E314359FE55E2500EBCB
S1131E60000050E39D03001A60209DE550009DE5AD
S1131E7064309DE554109DE5512500EB000050E3CE
S1131E808F04001A7730DDE530308DE50330A0E3B0
S1131E9018109DE58010C1E31C108DE544109DE5EC
S1131EA00350A0E120308DE5C8349FE5470051E39D
S1131EB0C4249FE500A0A0E30320A0D148A08DE5A1
S1131EC040208DE564FEFFEA44208DE544109DE545
S1131ED0000053E37700CD15000051E3C500000A6C
S1131EE00030A0E30120A0E3A010CDE518109DE58B
S1131EF030308DE57730CDE503A0A0E148308DE5A5
S1131F00A0308DE20250A0E120208DE51C108DE56B
S1131F1040308DE556FEFFEA38209DE5003092E51D
S1131F20042082E238208DE528209DE5002083E509
S1131F304CFDFFEA94208DE22C109DE524009DE5E4
S1131F40B31900EB000050E3B201001A7730DDE56D
S1131F5030308DE5C8908DE29C409DE530309DE5A4
S1131F60000053E30B00000A0120A0E398309DE534
S1131F70023083E0070053E3024084E098308DE5AB
S1131F8077308DE2042089E5003089E59C408DE5B9
S1131F90089089D2B10100CA18309DE5000053E3CE
S1131FA00B00000A0220A0E398309DE5013083E293
S1131FB0070053E3024084E098308DE578308DE2E9
S1131FC0042089E5003089E59C408DE5089089D29C
S1131FD0AB0100CA3C309DE5800053E34801000A90
S1131FE005A04AE000005AE3310000DA10005AE389
S1131FF098309DD51E0000DA0420A0E11060A0E313
S113200098309DE524709DE52C409DE5020000EA92
S113201010A04AE210005AE3140000DA013083E20F
S1132020070053E3102082E2008089E5046089E51B
S113203098308DE59C208DE5089089D2F3FFFFDA76
S113204094208DE20410A0E10700A0E1701900EBD8
S1132050000050E37F01001A10A04AE210005AE386
S1132060C8908DE29C209DE598309DE5EAFFFFCA6B
S11320700240A0E1013083E2070053E30A4084E018
S1132080000589E898308DE59C408DE5089089D25B
S1132090070000DA94208DE22C109DE524009DE5D4
S11320A05B1900EB000050E35A01001A9C409DE5C7
S11320B0C8908DE21C309DE5010C13E35F00001A0B
S11320C098309DE540209DE5013083E2054084E0A1
S11320D0070053E39C408DE5240089E898308DE5A2
S11320E0990100CA089089E21C309DE5040013E3BD
S11320F03300000A34309DE520209DE5025043E082
S1132100000055E32E0000DA100055E398309DD509
S11321101C0000DA1060A0E398309DE524709DE572
S11321202CA09DE5020000EA105045E2100055E3A2
S1132130140000DA013083E228229FE5070053E30C
S1132140104084E2440089E898308DE59C408DE598
S1132150089089D2F3FFFFDA94208DE20A10A0E1FF
S11321600700A0E12A1900EB000050E32700001A41
S1132170105045E298308DE2100055E3C8908DE28E
S1132180180093E8EAFFFFCA013083E2070053E333
S113219098308DE5CC319FE5054084E09C408DE589
S11321A0280089E8060000DA94208DE22C109DE5D1
S11321B024009DE5161900EB000050E31501001AF8
S11321C09C409DE528309DE534209DE520109DE54B
S11321D0010052E1023083A0013083B0000054E3D7
S11321E028308DE50501001A0030A0E3C8908DE287
S11321F098308DE59BFCFFEA9C309DE5000053E39D
S11322002CA09DE55704001A0030A0E398308DE51A
S113221064309AE5010013E3BC30DAE10100001AEE
S1132220020C13E3C701000A400013E348FDFF1A40
S113223028009DE543DF8DE2F04FBDE81EFF2FE14E
S113224044309DE5650053E34F0000DA60209DE5CE
S113225050009DE564309DE554109DE5522400EB4B
S1132260000050E34501000A0120A0E398309DE5F9
S113227008119FE5023083E0024084E0070053E345
S1132280001089E5042089E59C408DE598308DE5B2
S1132290089089D28E0300CA7C309DE54C209DE5D0
S11322A0020053E1020000BA1C309DE5010013E373
S11322B07300000A98308DE2180093E858209DE5D9
S11322C0013083E25C109DE5070053E3044082E0A3
S11322D0060089E898308DE59C408DE5089089D208
S11322E0910300CA4C309DE5015043E2000055E3E0
S11322F07CFFFFDA100055E37A0100DA1060A0E3F6
S113230098309DE524709DE52CA09DE5020000EA2F
S1132310105045E2100055E3730100DA013083E206
S1132320070053E3104084E2008089E5046089E5F6
S113233098308DE59C408DE5089089D2F3FFFFDA53
S113234094208DE20A10A0E10700A0E1B01800EB90
S1132350000050E3ADFFFF1A98308DE2C8908DE283
S1132360180093E8E9FFFFEA50C0000080C00000B5
S113237094C00000FFFFEF7F70C0000074C0000035
S1132380B0C0000067666666A8C000004C309DE5DA
S1132390010053E3C50100DA0130A0E398509DE544
S11323A040209DE5035085E0034084E0070055E3A9
S11323B0002089E5043089E59C408DE598508DE541
S11323C0089089D2D10100CA58309DE5015085E2B8
S11323D05C209DE5070055E3044083E00C0089E898
S11323E098508DE59C408DE5089089D2D90100CAAA
S11323F060209DE550009DE564309DE554109DE509
S1132400E92300EB000050E31401001A4C309DE571
S113241040209DE5015085E2013043E2012082E243
S1132420034084E0070055E398508DE5002089E5DA
S11324309C408DE5043089E5DA0100CA089089E200
S11324406C209DE5015085E2044082E084308DE2F9
S1132450070055E398508DE59C408DE5042089E5FF
S1132460003089E51EFFFFDA94208DE22C109DE5F3
S113247024009DE5661800EB000050E36500001A97
S1132480C8908DE29C409DE516FFFFEA0210A0E192
S1132490A621A0E1872E82E1A701A0E1073006E290
S11324A00070A0E10260A0E1303083E2072096E1F1
S11324B0013041E5012041E2F3FFFF1A18009DE5D8
S11324C0300053E30000A00301000012000050E3B9
S11324D00703000A3030A0E318009DE5021041E232
S11324E01C008DE5C8008DE240108DE5015040E0F0
S11324F0013042E5D2FCFFEAC8308DE240308DE580
S1132500CFFCFFEA34309DE520209DE5026043E0E6
S1132510000056E3B1FEFFDA100056E398309DD573
S1132520240000DA0920A0E10410A0E10690A0E153
S11325301070A0E30560A0E198309DE524409DE57E
S11325402C509DE5020000EA109049E2100059E386
S1132550140000DA013083E2070053E3101081E233
S1132560008082E5047082E598308DE59C108DE54D
S1132570082082D2F3FFFFDA94208DE20510A0E157
S11325800400A0E1221800EB000050E37700001AD9
S1132590109049E2100059E3C8208DE29C109DE59B
S11325A098309DE5EAFFFFCA0650A0E10140A0E192
S11325B00960A0E10290A0E1013083E2070053E347
S11325C0064084E0008089E5046089E598308DE563
S11325D09C408DE5089089D280FEFFDA94208DE23C
S11325E02C109DE524009DE5091800EB000050E344
S11325F00800001AC8908DE29C409DE577FEFFEA32
S113260094208DE22C109DE524009DE5001800EB3C
S1132610000050E3F3FEFF0A2CA09DE5FBFEFFEA59
S1132620010053E318208DE538FDFF1A000057E33D
S1132630090056037D01008A422F8DE2306086E254
S113264018109DE5416062E51C108DE50350A0E182
S113265040208DE57AFCFFEA04A0A0E1EBFEFFEA4E
S113266094208DE22C109DE524009DE5E81700EBF5
S1132670000050E3E7FFFF1AC8908DE29C409DE5FF
S113268044FEFFEA94208DE22C109DE524009DE594
S1132690DF1700EB000050E3DEFFFF1AC8908DE265
S11326A09C409DE54AFEFFEA0120A0E398309DE5A9
S11326B038131FE5023083E0024084E0070053E34F
S11326C0001089E5042089E59C408DE598308DE56E
S11326D0089089D20F0300CA4C309DE5053093E180
S11326E00200001A1C309DE5010013E37DFEFF0A81
S11326F098309DE558209DE5013083E25C109DE50E
S1132700044082E0070053E3060089E89C408DE51D
S113271098308DE5089089D2360300CA000055E34D
S1132720170300BA013083E24C209DE5070053E310
S113273098308DE540309DE5044082E09C408DE575
S1132740003089E5042089E565FEFFDA94208DE2F6
S11327502C109DE524009DE5AD1700EB000050E32F
S1132760ACFFFF1A9C409DE5C8908DE25DFEFFEA38
S113277005A0A0E1A5FEFFEA0230A0E319FCFFEAF0
S11327807C509DE5000055E3C6FFFFDA48309DE527
S11327904C209DE5020053E10350A0B10250A0A1DA
S11327A0000055E3090000DA98309DE540209DE5DE
S11327B0013083E2054084E0070053E3240089E804
S11327C09C408DE598308DE5089089D2A30200CA1B
S11327D048309DE5000055E3053043A0000053E375
S11327E00350A0E16C0000DA100053E398309DD54B
S11327F0580000DA1060A0E398309DE524709DE550
S11328002CA09DE5020000EA105045E2100055E3BB
S1132810500000DA013083E2070053E3104084E201
S1132820008089E5046089E598308DE59C408DE55C
S1132830089089D2F3FFFFDA94208DE20A10A0E118
S11328400700A0E1721700EB000050E36FFEFF1ACF
S113285098308DE2C8908DE2180093E8E9FFFFEA12
S11328604C309DE5016043E2000056E3F3FEFFDADD
S1132870100056E3C30000DA18B08DE51070A0E331
S113288006B0A0E124A09DE52C609DE5020000EACD
S113289010B04BE210005BE3B80000DA015085E2AF
S11328A0070055E3104084E2008089E5047089E55F
S11328B098508DE59C408DE5089089D2F3FFFFDAAE
S11328C094208DE20610A0E10A00A0E1501700EB6D
S11328D0000050E36A02001AC8908DE29C409DE516
S11328E098509DE5E9FFFFEA98309DE5013083E2C9
S11328F0054084E0070053E398308DE59C408DE566
S1132900008089E5045089E5F5FDFFDA8EFFFFEAD2
S1132910006092E5042082E20530A0E138208DE5D4
S11329200070A0E3AFFBFFEA38209DE50230A0E190
S1132930042082E2006093E50070A0E30130A0E38C
S113294038208DE5A7FBFFEA58008AE2422300EB1A
S1132950BC30DAE133FEFFEA013083E2070053E3DF
S1132960054084E0008089E5045089E598308DE5D0
S11329709C408DE5089089D2070000DA94208DE20E
S11329802C109DE524009DE5211700EB000050E389
S113299020FFFF1A9C409DE5C8908DE27C209DE5B8
S11329A04C309DE5030052E15E0100AA98309DE59C
S11329B058109DE5013083E25C009DE5014084E010
S11329C0070053E3030089E89C408DE598308DE5CA
S11329D0089089D2820100CA4C309DE548009DE5EB
S11329E0022043E0005043E0020055E10250A0A160
S11329F0000055E30B0000DA98109DE540C09DE50A
S1132A00011081E200308CE0054084E0070051E3CE
S1132A10003089E5045089E59C408DE598108DE5EA
S1132A20089089D2620100CA000055E30250A0B1A7
S1132A30055042A0000055E3AAFDFFDA100055E35B
S1132A40A8FFFFDA1060A0E398309DE524709DE5AF
S1132A502CA09DE5020000EA105045E2100055E369
S1132A60A1FFFFDA013083E2070053E3104084E260
S1132A70008089E5046089E598308DE59C408DE50A
S1132A80089089D2F3FFFFDA94208DE20A10A0E1C6
S1132A900700A0E1DE1600EB000050E3DBFDFF1AA7
S1132AA098308DE2C8908DE2180093E8E9FFFFEAC0
S1132AB01C309DE5010013E336FEFF1A0130A0E34C
S1132AC098509DE540209DE5035085E0034084E057
S1132AD0070055E39C408DE5002089E598508DE57D
S1132AE0043089E554FEFFDA94208DE22C109DE534
S1132AF024009DE5C61600EB000050E3C5FEFF1A56
S1132B00C8908DE29C409DE598509DE54BFEFFEA00
S1132B1094208DE22C109DE524009DE5BC1600EB6D
S1132B20000050E3BBFEFF1AC8908DE29C409DE577
S1132B3098509DE523FEFFEA38309DE5076083E267
S1132B400730C6E3082083E2C00093E838208DE50F
S1132B500030A0E323FBFFEA94208DE22C109DE5D6
S1132B6024009DE5AA1600EB000050E3A9FEFF1A1D
S1132B70C8908DE29C409DE598509DE51BFEFFEAC0
S1132B800B60A0E118B09DE5015085E2064084E0A9
S1132B90070055E398508DE59C408DE5008089E55C
S1132BA0046089E524FEFFDA94208DE22C109DE573
S1132BB024009DE5961600EB000050E395FEFF1AF5
S1132BC09C409DE598509DE5C8908DE21BFEFFEA70
S1132BD038309DE5076083E20730C6E3082083E2CE
S1132BE038208DE5C00093E89BFBFFEA38309DE573
S1132BF0076083E20760C6E30C0096E8081086E2EB
S1132C0038108DE50260A0E10370A0E1B5FBFFEA96
S1132C1038309DE5076083E20730C6E3082083E28D
S1132C20C00093E838208DE50130A0E3EDFAFFEA17
S1132C30C8308DE21C908DE50A40A0E30050A0E36B
S1132C400390A0E10600A0E10710A0E10420A0E1A8
S1132C500530A0E1172200EB302082E2012069E573
S1132C600600A0E10710A0E10530A0E10420A0E1E6
S1132C70102200EB0060A0E10170A0E1073096E1B2
S1132C80EFFFFF1A0930A0E118208DE240908DE596
S1132C90040292E81C208DE5C8208DE2035042E036
S1132CA0E7FAFFEA2D30A0E3006076E27730CDE565
S1132CB030308DE50070E7E20130A0E3CCFAFFEAA2
S1132CC038109DE5006091E5041081E2C67FA0E123
S1132CD00620A0E10730A0E138108DE581FBFFEA72
S1132CE050C09DE50C20A0E10C00A0E154C09DE57E
S1132CF00C30A0E10C10A0E1C92100EB000050E36E
S1132D00DC01001A44309DE501007AE32050C3E35E
S1132D1006A0A003BC00000A470055E300005A03C4
S1132D20B900001A54309DE5006053E218309DE567
S1132D30013C83E31C308DE5610100BA4750A0E3F8
S1132D4001A0A0E330008DE550709DE50200A0E3F2
S1132D508C108DE201048DE810108DE580008DE269
S1132D607C108DE20C008DE50720A0E10630A0E187
S1132D7008108DE524009DE5B60300EB470055E3FC
S1132D8040008DE5F101001A18309DE5010013E3C0
S1132D90A301000A40309DE50A4083E064309DE5CC
S1132DA060209DE50700A0E10610A0E17E2100EB74
S1132DB0000050E30430A0110900001A8C309DE596
S1132DC0040053E10600002A3010A0E3012083E24E
S1132DD08C208DE50010C3E58C309DE5030054E1A3
S1132DE0F9FFFF8A40209DE5470055E3023043E0A8
S1132DF04C308DE50701001A7C309DE5030073E338
S1132E000320A0E148308DE50030A0A30130A0B339
S1132E100A0052E103A0A0D101A083C300005AE339
S1132E20E800000A44309DE5023043E244308DE579
S1132E3048309DE54420DDE5013043E2000053E3E2
S1132E408420CDE52D20A0B32B20A0A37C308DE5DC
S1132E5048309DB5013063B2090053E393C08DC27D
S1132E608520CDE50C00A0C1330000CA3020A0E3CA
S1132E70023083E08620CDE58730CDE588308DE2D1
S1132E804C109DE584208DE2023043E0010051E3C3
S1132E906C308DE5035081E0990100DA58309DE5EE
S1132EA0035085E0C53FC5E120308DE50030A0E347
S1132EB048308DE530309DE5000053E3B700001A3B
S1132EC003A0A0E17730DDE530308DE562FAFFEA5A
S1132ED00760C6E3003096E550308DE5043096E592
S1132EE054308DE5083086E238308DE5CCFBFFEABE
S1132EF058008AE2D82100EB0030E0E328308DE569
S1132F0015FAFFEA38309DE5006093E5043083E26A
S1132F1038308DE50070A0E3CFFAFFEA38309DE544
S1132F20006093E5EAFAFFEA1C309DE5010013E333
S1132F30A8FEFF0A9CFEFFEA0200A0E1C02B1FE5E9
S1132F409312C2E0C31FA0E1421161E0012181E0BC
S1132F50822043E0302082E2090051E3012040E571
S1132F600130A0E1012040E2F2FFFFCA303081E2EB
S1132F70020040E2FF1003E200005CE1011042E5C0
S1132F807401009A86008DE20230A0E1000000EA9C
S1132F900110D3E40C0053E10110C0E4FBFFFF1A5D
S1132FA0013083E2023043E086208DE2033082E088
S1132FB0B2FFFFEA94208DE22C109DE524009DE5EC
S1132FC0931500EB000050E392FDFF1A7C209DE571
S1132FD04C309DE5C8908DE29C409DE5022043E085
S1132FE090FEFFEA94208DE22C109DE524009DE5DF
S1132FF0871500EB000050E386FDFF1AC8908DE2B0
S11330007C209DE59C409DE572FEFFEA54309DE5E1
S1133010006053E218309DE5013C83E31C308DE5EC
S1133020A90000BA0030A0E350709DE530308DE572
S1133030460055E34500001A03E0A0E38CC08DE28E
S11330407C108DE280008DE20720A0E10630A0E133
S113305000E08DE510C08DE50C008DE508108DE5D0
S113306004A08DE524009DE5FA0200EB00C0A0E178
S11330700040DCE530C044E200407CE240008DE5E5
S113308064309DE560209DE50700A0E10610A0E105
S11330900C40A4E0C42000EB000050E30130A0E3A6
S11330A00030A013030014E101306A127C308D1546
S11330B07C309D0540209DE50A3083E0034082E09A
S11330C035FFFFEA2D30A0E330308DE57730CDE5D4
S11330D06DFBFFEA94208DE22C109DE524009DE514
S11330E04B1500EB000050E34AFDFF1AC8908DE237
S11330F068FCFFEA18309DE51C308DE5C8308DE290
S1133100025043E040208DE5CDF9FFEA38309DE5DB
S113311028209DE5001093E5043083E238308DE5E6
S1133120C23FA0E10C0081E8CEF8FFEA94208DE2D2
S11331302C109DE524009DE5351500EB000050E3BF
S113314034FDFF1AC8908DE29C409DE564FCFFEAC3
S1133150450055E3FCFEFF1A0200A0E38C108DE24B
S113316000008DE510108DE580008DE27C108DE26D
S113317001408AE20C008DE50720A0E10630A0E1C1
S113318004408DE508108DE524009DE5B10200EBB7
S113319040008DE540309DE5044083E0FEFEFFEAFB
S11331A02D30A0E300A0A0E37730CDE530308DE5ED
S11331B0ACF9FFEA40009DE555F8FFEB04A0A0E15F
S11331C00050A0E1CAFAFFEA4C209DE548309DE595
S11331D0030052E1420000CA18209DE5010012E3F9
S11331E048309D1558209D1502508310C53FC511C8
S11331F0C32FC3010350A00120308D156730A0E315
S113320020208D0544308DE529FFFFEA98208DE2CA
S1133210140092E8CDF9FFEA44309DE5650053E3DC
S1133220C70000DA44309DE5660053E37C309DE539
S113323048308DE5E3FFFF1A000053E3A50000DAF0
S113324000005AE39C00001A18209DE5010012E3D7
S11332509900001A20308DE50350A0E114FFFFEA25
S113326094208DE22C109DE524009DE5E81400EBEC
S1133270000050E3E7FCFF1AC8908DE29C409DE5F6
S113328052FDFFEA06A0A0E1E0FBFFEA06005AE3D4
S11332900A30A0310630A02318109DE520308DE5BA
S11332A00350A0E1243F1FE502A0A0E138608DE5B2
S11332B01C108DE530208DE548208DE540308DE5EE
S11332C065F9FFEA4750A0E301A0A0E354309DE56F
S11332D0026183E22D30A0E350709DE530308DE52E
S11332E052FFFFEA48309DE558209DE5000053E376
S11332F04C309DE5025083E048309DD5013063D2C7
S1133300035085D0C53FC5E120308DE56730A0E38B
S113331044308DE5E6FEFFEA94208DE22C109DE515
S113332024009DE5BA1400EB000050E3B9FCFF1A39
S1133330C8908DE27C509DE59C409DE5E5FCFFEA4C
S113334018309DE51C308DE57730DDE50A50A0E1AD
S113335020A08DE538608DE500A0A0E148008DE552
S113336030308DE53CF9FFEA24009DE594208DE2A0
S11333700A10A0E1A61400EB000050E3A1FBFF0A31
S1133380A2FBFFEA100075E3005065E2260000AAE4
S11333901060A0E324709DE52CA09DE5020000EAE6
S11333A0105045E2100055E31F0000DA013083E2BB
S11333B0070053E3104084E2008089E5046089E556
S11333C098308DE59C408DE5089089D2F3FFFFDAB3
S11333D094208DE20A10A0E10700A0E18C1400EB18
S11333E0000050E389FBFF1A98308DE2C8908DE20B
S11333F0180093E8E9FFFFEA94208DE22C109DE584
S113340024009DE5821400EB000050E381FCFF1AC8
S113341098308DE2C8908DE27C509DE5180093E8C9
S1133420BDFCFFEA8C309DE56DFEFFEA013083E2CE
S1133430054084E0070053E3008089E5045089E5F2
S113344098308DE59C408DE5089089E2B4FCFFDA64
S113345094208DE22C109DE524009DE56C1400EB76
S1133460000050E36BFCFF1A98308DE2C8908DE2A7
S1133470180093E8AAFCFFEA0330A0E318109DE5C6
S11334808010C1E31C108DE544109DE50350A0E1BC
S113349020308DE5C4309FE5470051E3C0209FE50F
S11334A000A0A0E30320A0D17730DDE548A08DE59E
S11334B040208DE530308DE5E7F8FFEA48309DE5A2
S11334C058209DE5025083E00A5085E0C53FC5E1E0
S11334D020308DE576FEFFEA00005AE30200001A70
S11334E018309DE5010013E31300000A58309DE5F0
S11334F0015083E20A5085E0C53FC5E120308DE5E7
S11335006BFEFFEA18309DE5013013E248308DE58B
S1133510EDFFFF0A60FEFFEA38709DE500A097E525
S11335200120DBE506005AE101B0A0E1041087E2C6
S113353006A0A0B138108DE5F4F7FFEA0130A0E34E
S113354043FFFFEA7C309DE548308DE537FEFFEA16
S11335500A40A0E10EFFFFEA86308DE247FEFFEA53
S113356078C000007CC0000070402DE90150A0E14B
S11335700260A0E10040A0E1940B00EB0630A0E162
S11335800520A0E10410A0E17040BDE878F7FFEA4F
S1133590F0412DE90140A0E101CBA0E300E0A0E36C
S11335A00260A0E10070A0E10380A0E146DE4DE2EC
S11335B0BE30D4E108D04DE2BC10D1E1BE30CDE143
S11335C0643094E51C2094E50210C1E364308DE579
S11335D0243094E5BC10CDE158008DE268108DE2F2
S11335E008C08DE514C08DE51C208DE524308DE5E3
S11335F018E08DE500108DE510108DE5122000EB2C
S11336000620A0E10830A0E10D10A0E10700A0E130
S113361057F7FFEB006050E2040000BA0D10A0E180
S11336200700A0E1A90700EB000050E30060E013ED
S1133630BC30DDE1400013E3BC30D41140308313CF
S1133640BC30C41158008DE2012000EB0600A0E15B
S113365046DE8DE208D08DE2F041BDE81EFF2FE189
S113366070402DE90050A0E10140A0E1570B00EBB0
S1133670003050E20200000A383093E5000053E3C2
S11336803400000AFC20D4E10238A0E1020713E36D
S11336902338A0E10C00000A100094E5000050E378
S11336A01400000A012013E21B00001A020013E3B5
S11336B014209405000050E3082084E50000A013C2
S11336C01D00000A7040BDE81EFF2FE1100013E347
S11336D03200000A040013E32000001A100094E5ED
S11336E0082082E3BC20C4E1000050E30228A0E1EA
S11336F02238A0E1EAFFFF1A0A2D03E2020C52E38A
S1133700E7FFFF0A0500A0E10410A0E1710B00EB44
S1133710BC30D4E1100094E5E1FFFFEA0020A0E30F
S1133720143094E5000050E3003063E2183084E57F
S1133730082084E50000A013E1FFFF1AFC30D4E167
S1133740800013E340308313BC30C4110000E01345
S11337507040BDE81EFF2FE1F20700EBC8FFFFEA4F
S1133760301094E5000051E30700000A403084E281
S1133770030051E10200000A0500A0E1E00800EBAB
S1133780FC20D4E10030A0E3303084E50030A0E335
S1133790100094E52420C2E3090084E8CFFFFFEA87
S11337A00930A0E3402082E3003085E50000E0E337
S11337B0BC20C4E1C2FFFFEAF0412DE90050A0E1C2
S11337C0E0009FE50280A0E10370A0E10160A0E1B8
S11337D0A31F00EBD0309FE5004093E5483194E50A
S11337E0000053E3533F8402042093E548318405E9
S11337F01F0052E3010082D20F0000DAAC309FE5D3
S1133800000053E32300000A190EA0E30000A0E126
S1133810003050E21F00000A0010A0E30100A0E302
S11338200120A0E148C194E5041083E500C083E5CC
S1133830483184E5881183E58C1183E5000055E364
S11338400700001A022082E2040083E554009FE589
S1133850026183E7801F00EB0000A0E3F041BDE8B4
S11338601EFF2FE10110A0E302E183E088808EE5D2
S113387088C193E51112A0E101C08CE188C183E500
S113388008718EE5020055E38CC1930501108C018B
S11338908C118305EAFFFFEA08009FE56E1F00EB29
S11338A00000E0E3ECFFFFEAB4CD000048C00000F4
S11338B000000000F04F2DE90190A0E300A0A0E378
S11338C014D04DE204008DE55C019FE50160A0E1A8
S11338D0631F00EB54319FE5003093E508308DE51C
S11338E0523F83E20C308DE508309DE5487193E545
S11338F0000057E33D00000A0C809DE508B0A0E1FC
S1133900044097E5015054E2014084520441875039
S11339100700005A260000EA003194E5030056E14E
S11339200500000A015045E2010075E3044044E249
S11339301F00000A000056E3F6FFFF1A043097E563
S1133940013043E2050053E1003094E5045087055B
S113395000A08415000053E3F1FFFF0A881197E5E6
S11339601925A0E1010012E1048097E52400000A72
S11339708C1197E5010012E12400001A801094E5EF
S113398004009DE50FE0A0E113FF2FE1043097E56B
S1133990080053E1D3FFFF1A00309BE5070053E111
S11339A0D0FFFF1A015045E2010075E3044044E2F0
S11339B0DFFFFF1A78309FE5000053E30B00000A95
S11339C0043097E5000053E31400001A003097E533
S11339D0000053E30500000A0700A0E100308BE576
S11339E00000A0E100709BE5000057E3C3FFFF1A4D
S11339F034009FE5181F00EB14D08DE2F04FBDE8B2
S1133A001EFF2FE10FE0A0E113FF2FE1DEFFFFEA2D
S1133A10800094E50FE0A0E113FF2FE1DAFFFFEA55
S1133A2007B0A0E1007097E5EEFFFFEAB4CD000017
S1133A3048C000000000000010402DE908009FE588
S1133A40011F00EB1040BDE81EFF2FE1B4CD0000C4
S1133A5018309FE5000053E31EFF2F0110402DE9AD
S1133A600C009FE5AFF5FFEB1040BDE81EFF2FE112
S1133A705CC30000BC590000F04F2DE9103090E504
S1133A80105091E5030055E114D04DE20000A0C3AD
S1133A906C0000CA015045E2144081E204108DE537
S1133AA0051194E7149080E20070A0E1011081E216
S1133AB0050199E7431B00EB0531A0E108308DE5D2
S1133AC0038084E0006050E2033089E00C308DE52F
S1133AD02F00000A0000A0E304B0A0E10010A0E160
S1133AE009A0A0E10020A0E164E19FE504009BE4BB
S1133AF00E3000E0962322E02008A0E12238A0E165
S1133B00963020E000C09AE50E3002E0033041E038
S1133B100E200CE00E1000E0023083E02C1861E06F
S1133B20431881E00E3003E0013883E10B0058E1D3
S1133B3004308AE44118A0E12028A0E1EAFFFF2A2A
S1133B4008309DE5033099E7000053E31000001AA4
S1133B500C209DE5043042E2030059E10B00002AE9
S1133B60043012E5000053E30800001A083042E272
S1133B70030000EA002093E5000052E3043043E22E
S1133B800200001A030059E1015045E2F8FFFF3A30
S1133B90105087E504109DE50700A0E1610F00EBDC
S1133BA0000050E3260000BA09E0A0E10030A0E3E1
S1133BB09CC09FE5016086E2041094E400009EE549
S1133BC00C2001E0022043E02138A0E10C1000E0C9
S1133BD0012082E0203863E0423883E00C2002E0D8
S1133BE0032882E1040058E104208EE44338A0E174
S1133BF0F0FFFF2A053199E7000053E3053189E01E
S1133C000F00001A042043E2020059E10B00002ACD
S1133C10042013E5000052E30800001A083043E2D0
S1133C20030000EA002093E5000052E3043043E27D
S1133C300200001A030059E1015045E2F8FFFF3A7F
S1133C40105087E50600A0E114D08DE2F04FBDE8E6
S1133C501EFF2FE1FFFF0000F04F2DE9401090E51B
S1133C605CD04DE2000051E30040A0E102A0A0E1DD
S1133C7003B0A0E18C509DE50600000A0130A0E3EA
S1133C80442090E51332A0E10C0081E9750D00EBAE
S1133C900030A0E3403084E500005BE30130A0B3D2
S1133CA00030A0A30B90A0E1003085B5003085A5BD
S1133CB0B0339FE50291CBB309B0A0B10930D3E191
S1133CC01300000A0020A0E30030A0E30A00A0E1F2
S1133CD00B10A0E1B41D00EB008050E22700000AA5
S1133CE00130A0E390209DE5000052E388209DE58B
S1133CF0003082E59E00000A6C039FE590309DE54C
S1133D00000083E5010040E25CD08DE2F04FBDE8A5
S1133D101EFF2FE154339FE588209DE500005AE300
S1133D20003082E50D00001AFF94C9E30F96C9E341
S1133D30000059E30900001A90309DE530039FE527
S1133D40000053E308308012EEFFFF0A90209DE547
S1133D50003082E55CD08DE2F04FBDE81EFF2FE11C
S1133D6090309DE50C039FE5000053E3033080127F
S1133D70E4FFFF0A90209DE5003082E5F4FFFFEAAE
S1133D8050208DE254308DE204208DE500308DE525
S1133D900A20A0E10B30A0E10400A0E1B80F00EB81
S1133DA0295AB0E114008DE56700001A50809DE5A2
S1133DB054509DE5055088E0433E85E2023083E29D
S1133DC0200053E3410E85C2403063C21993A0C161
S1133DD0209063D2020080C23A0089C11A09A0D19E
S1133DE0D71B00EB0130A0E320308DE5015045E204
S1133DF01F1641E20020A0E37C329FE50B1B00EB81
S1133E00923F8FE20C0093E80D1C00EB913F8FE290
S1133E100C0093E8061B00EB0060A0E10500A0E1A4
S1133E200170A0E1CF1B00EB233E8FE20C0093E86E
S1133E30031C00EB0020A0E10130A0E10600A0E19A
S1133E400710A0E1FA1A00EB0060A0E10170A0E104
S1133E50811D00EB0020A0E308008DE50030A0E305
S1133E600600A0E10710A0E1551D00EB000050E39F
S1133E702E01001A08609DE5160056E30630A0E105
S1133E800130A0832C308D850C00008AFC319FE525
S1133E90863183E00A20A0E1030093E80B30A0E11F
S1133EA0591D00EB000050E30620A011013042121E
S1133EB008308D150030A0132C008D052C308D1585
S1133EC0055048E0013055E20C308DE50130654283
S1133ED018308D450030A0530030A04318308D5564
S1133EE00C308D4508309DE5000053E3060100BA0F
S1133EF00C209DE530308DE5032082E00030A0E306
S1133F000C208DE528308DE580309DE5090053E3D4
S1133F101900008A050053E30150A0D30050A0C348
S1133F20043043C280308DC580309DE5023043E2C9
S1133F30030053E303F19F97090100EA904700004F
S1133F4044440000C0470000F04B0000FF34CBE3C2
S1133F500F36C3E3FF5F45E2FF1583E320808DE561
S1133F600A00A0E1035045E2031681E350809DE579
S1133F709FFFFFEA04019FE562FFFFEA0010A0E350
S1133F800400A0E1441084E580108DE5920C00EB60
S1133F900030E0E334308DE51C308DE50130A0E3E2
S1133FA080109DE510008DE584108DE5400084E5CA
S1133FB024308DE554309DE50320E0E108109DE5B3
S1133FC00E0051E3A22FA0E10020A0C3000052E3A1
S1133FD03200000A1C509DE5000055E30020A0C3F8
S1133FE00120A0D384109DE5A0309FE5A12F12E00D
S1133FF008209DE5823183E0000393E8F201000A82
S11340001C609DE5000056E35F04001A0020A0E355
S113401070309FE50800A0E10910A0E1881B00EBC7
S11340200A20A0E10B30A0E1F11C00EB000050E3FA
S1134030C902000A1C609DE520608DE584309DE581
S11340400330E0E110509DE508308DE5940000EA6E
S113405061436F63A787D23FB3C8608B288AC63F8A
S1134060FB799F501344D33F0000F07FB1C00000A0
S11340700F270000B4C00000C0C000000000F83FDB
S1134080B0C000000000F03F00001440C8C10000B0
S1134090D8C000000000244000001C400000E03FA5
S11340A024209DE5000052E3C300001A24309DE55E
S11340B028609DE518509DE520308DE50C209DE598
S11340C0000055E3000052C30230A0E1070000DA0B
S11340D0020055E10530A0B118109DE5035045E0FC
S11340E0031041E0033042E018108DE50C308DE5FB
S11340F028309DE5000053E31600000A24309DE5B6
S1134100000053E39602000A000056E30E0000DAB2
S113411020109DE50620A0E10400A0E1860D00EB3F
S113412014709DE50010A0E120008DE50720A0E1BA
S11341300400A0E10C0D00EB0030A0E10710A0E1A9
S11341400400A0E114308DE5460C00EB28309DE519
S1134150062053E08302001A0110A0E30400A0E14A
S1134160F80C00EB30309DE5000053E30060A0E163
S11341706B0200DA0010A0E10320A0E10400A0E13A
S11341806D0D00EB80309DE5010053E30060A0E17C
S1134190730300DA0070A0E3103096E5033186E083
S11341A0100093E5A90C00EB200060E20C209DE5D3
S11341B0020080E01F0010E20E02000A203060E2DC
S11341C0040053E32B0400DA18309DE51C0060E280
S11341D0003083E018308DE5003082E00C308DE54E
S11341E0005085E018309DE5000053E3040000DA38
S11341F00320A0E114109DE50400A0E18F0D00EB65
S113420014008DE50C309DE5000053E3040000DA52
S11342100610A0E10320A0E10400A0E1870D00EB5B
S11342200060A0E12C309DE5000053E3B502001AC4
S11342301C309DE580209DE5000053E30130A0D3B0
S11342400030A0C3020052E30030A0D3000053E3C7
S1134250F101000A1C309DE5000053E376FFFF1ACC
S11342600610A0E10520A0E30400A0E1040C00EB8B
S11342700010A0E10060A0E114009DE5A90D00EB91
S1134280000050E36CFFFFDA3130A0E308209DE525
S1134290012082E208208DE510209DE50030C2E572
S11342A0015082E20610A0E10400A0E1ED0B00EB56
S11342B020309DE5000053E30200000A20109DE534
S11342C00400A0E1E70B00EB14109DE50400A0E15D
S11342D0E40B00EB0020A0E390109DE508309DE581
S11342E00020C5E5020051E188209DE5013083E20C
S11342F0003082E51803000A10009DE5005081E5B6
S11343005CD08DE2F04FBDE81EFF2FE10030A0E34A
S113431018209DE530308DE508309DE5032042E00E
S1134320003063E218208DE528308DE5F5FEFFEAC4
S113433008909DE50900A0E18A1A00EB0130A0E194
S11343400020A0E10710A0E10600A0E1161C00EB8C
S1134350000050E30930A0010130430208308D050C
S1134360C3FEFFEA0050A0E30400A0E1445084E54A
S11343700510A0E1980B00EB08209DE554309DE565
S11343800E0052E30020A0C30120A0D3050053E196
S11343900020A0B3050052E110008DE5400084E543
S11343A0B703001A0010E0E384208DE50120A0E3A8
S11343B034108DE51C108DE524208DE580209DE5CD
S11343C0010052E3400300DA1C309DE5016043E242
S11343D028309DE5060053E128309DB530209DB579
S11343E0033046B0033082B0066043A030308DB550
S11343F01C309DE528608DB50060A0B3000053E338
S113440018309DB51C209DB5025043B00030A0B3B8
S113441018509DA51C309DA518209DE5032082E021
S113442018208DE50C209DE50110A0E3033082E007
S11344300400A0E10C308DE5420C00EB20008DE57A
S11344401DFFFFEA0030A0E324308DE508309DE530
S113445084209DE5023083E034308DE5013083E231
S1134460010053E30300A0A10100A0B30E0053E335
S11344700050A083015005921C308DE50010A0E38C
S1134480170050E3441084E50800009A0120A0E3DB
S11344900430A0E30210A0E18330A0E1142083E201
S11344A0000052E1012081E2F9FFFF9A441084E503
S11344B00400A0E1480B00EB000055E310008DE57B
S11344C0400084E5BAFEFF0A0A80A0E10B90A0E157
S11344D008109DE5000051E338808DE53C908DE5A2
S11344E0A50100DA5C241FE50F3001E24152A0E18E
S11344F0833182E0100015E3C00093E89101000AC3
S11345007C341FE50A00A0E10B10A0E1203083E217
S11345100C0093E8EE1A00EB0390A0E300A0A0E1E6
S113452001B0A0E10F5005E2000055E30C00000AC1
S1134530AC841FE5010015E30600000A0600A0E1B3
S11345400710A0E10C0098E83D1A00EB0060A0E120
S11345500170A0E1019089E2C550B0E1088088E2D1
S1134560F3FFFF1A0A00A0E10B10A0E10620A0E16E
S11345700730A0E1D61A00EB00A0A0E101B0A0E151
S11345802C309DE5000053E30600000A0020A0E360
S113459014351FE50A00A0E10B10A0E1881B00EB15
S11345A0000050E38802001A0900A0E1ED1900EBB5
S11345B00A20A0E10B30A0E1211A00EB2C351FE505
S11345C00020A0E31A1900EB1C309DE5000053E322
S11345D00080A0E10D9541E2F000000A08309DE55D
S11345E044308DE51C309DE540308DE524309DE55B
S11345F0000053E38001000A40209DE574351FE567
S1134600823183E00C0013E90000A0E378151FE574
S1134610AF1A00EB0820A0E10930A0E1031900EB78
S11346200080A0E10190A0E10A00A0E10B10A0E14C
S1134630891B00EB0050A0E1CA1900EB0020A0E1A7
S11346400130A0E10A00A0E10B10A0E1F71800EB93
S1134650305085E2FFA005E210509DE50020A0E166
S113466000A0C5E50130A0E10060A0E10170A0E177
S11346700800A0E10910A0E1631B00EB000050E377
S1134680015085E23E00001A0620A0E10730A0E1B7
S11346900000A0E318161FE5E41800EB0020A0E1D9
S11346A00130A0E10800A0E10910A0E1561B00EBD5
S11346B0000050E39002001A40209DE5010052E3FF
S11346C0C900000A10309DE540209DE502B083E05A
S11346D00B0000EA0620A0E10730A0E10000A0E3FF
S11346E064161FE5D11800EB0820A0E10930A0E111
S11346F0331B00EB000050E37F02001A05005BE16E
S1134700B900000A0800A0E10910A0E10020A0E31C
S113471084361FE5CA1900EB0020A0E390361FE59C
S11347200080A0E10190A0E10600A0E10710A0E153
S1134730C31900EB0170A0E10060A0E1461B00EB8F
S113474000A0A0E1871900EB0020A0E10130A0E166
S11347500600A0E10710A0E1B41800EB30A08AE243
S1134760FFA00AE201A0C5E40820A0E10930A0E10D
S11347700060A0E10170A0E1111B00EB000050E318
S1134780D3FFFF0A44309DE508308DE5CDFEFFEAF6
S11347900030A0E324308DE584309DE5000053E330
S11347A0020200DA0E0053E30050A0830150059288
S11347B00300A0E134308DE51C308DE52EFFFFEAC7
S11347C00130A0E324308DE5F2FFFFEA0820A0E1E8
S11347D00930A0E10A00A0E10B10A0E13C1A00EBB3
S11347E01D1B00EB0A60A0E100A0A0E15D1900EB35
S11347F00820A0E10930A0E1911900EB0020A0E11C
S11348000130A0E10600A0E10B10A0E1871800EB45
S113481010E09DE5010055E330C08AE20020A0E1EC
S11348200130A0E100C0CEE501508EE22F00000A65
S11348300020A0E3A8371FE5811900EB0020A0E3C6
S11348400030A0E30060A0E10170A0E1D61A00EB03
S1134850000050E39BFEFF1A0C408DE510B09DE56F
S11348601C409DE5090000EA0020A0E3E0371FE5B5
S1134870731900EB0020A0E30030A0E30060A0E186
S11348800170A0E1C81A00EB000050E31802001AFE
S11348900820A0E10930A0E10600A0E10710A0E192
S11348A00B1A00EBEC1A00EB00A0A0E12D1900EBB1
S11348B00820A0E10930A0E1611900EB0020A0E18B
S11348C00130A0E10600A0E10710A0E1571800EBB9
S11348D030C08AE201C0C5E40BC045E004005CE1DD
S11348E00020A0E10130A0E1DEFFFF1A0C409DE5AD
S11348F00200A0E10310A0E14D1800EB0020A0E1AC
S11349000130A0E10060A0E10170A0E10800A0E195
S11349100910A0E1AA1A00EB000050E30800001AF5
S11349200620A0E10730A0E10800A0E10910A0E101
S11349309D1A00EB000050E362FEFF0A01001AE337
S113494060FEFF0A01A055E5013045E210209DE517
S1134950020000EA030052E1B701000A01A073E576
S113496039005AE3015083E2F9FFFF0A01A08AE209
S113497000A0C3E553FEFFEA0900A0E1F91800EB2B
S11349800A20A0E10B30A0E12D1900EB0020A0E3E8
S113499000391FE5261800EB0080A0E10D9541E2E7
S11349A00A00A0E10B10A0E10020A0E32C391FE5D0
S11349B01E1800EB0820A0E10930A0E100A0A0E14E
S11349C001B0A0E1901A00EB006050E26100001A0F
S11349D00820A0E1023189E20A00A0E10B10A0E165
S11349E0771A00EB000050E392FDFF1A38B08DE215
S11349F0000C9BE86EFDFFEA1C00A0E318309DE567
S1134A00003083E018308DE50C309DE5003083E004
S1134A10005085E00C308DE5F1FDFFEA24309DE582
S1134A20000053E3E700001A10B09DE50090A0E3F6
S1134A300B50A0E10A80A0E314A09DE51C709DE545
S1134A40050000EA0A10A0E10930A0E10820A0E175
S1134A500400A0E10A0A00EB00A0A0E10610A0E116
S1134A600A00A0E103FCFFEB300080E20100C5E492
S1134A700B3045E0030057E1F1FFFFCA10509DE5FC
S1134A801C309DE50070A0E1010053E3035085A0B4
S1134A90015085B20090A0E314A08DE514109DE5AB
S1134AA00120A0E30400A0E1640B00EB0610A0E1E8
S1134AB014008DE59B0B00EB000050E3A80100DA25
S1134AC0012055E5013045E210109DE5020000EAA1
S1134AD0030051E17501000A012073E5390052E336
S1134AE0015083E2F9FFFF0A012082E20020C3E5BE
S1134AF00610A0E10400A0E1DA0900EB20309DE5F6
S1134B00000053E3EFFDFF0A000059E303005911CD
S1134B10E9FDFF0A0910A0E10400A0E1D10900EBBE
S1134B20E5FDFFEA80309DE5010053E3C10100DAB1
S1134B300070A0E330309DE5000053E30100A003C2
S1134B4099FDFF0A93FDFFEA38B08DE2000C9BE863
S1134B500290A0E373FEFFEA0060A0E320608DE50D
S1134B60C8FDFFEA28209DE514109DE50400A0E19E
S1134B70F10A00EB14008DE576FDFFEA3601000A28
S1134B8008309DE5005063E2003B1FE50F2005E27D
S1134B90823183E00C0093E838108DE2030091E841
S1134BA0A71800EB4552B0E100A0A0E101B0A0E1DC
S1134BB00290A0E371FEFF0A346B1FE5010015E3C8
S1134BC00600000A0A00A0E10B10A0E10C0096E820
S1134BD09B1800EB00A0A0E101B0A0E1019089E2E4
S1134BE0C550B0E1086086E2F3FFFF1A63FEFFEAF6
S1134BF00130A0E324308DE513FEFFEA40609DE51B
S1134C00781B1FE5861181E00820A0E10930A0E1AE
S1134C10030011E98A1800EB48008DE54C108DE57E
S1134C200B10A0E10A00A0E10B1A00EB0050A0E178
S1134C304C1800EB0130A0E10020A0E10B10A0E132
S1134C400A00A0E1791700EB10309DE5305085E2B1
S1134C50010056E30050C3E50080A0E10190A0E10B
S1134C60015083E21900000A00A0A0E310309DE582
S1134C7040209DE5E8BB1FE5027083E00A20A0E127
S1134C800B30A0E10800A0E10910A0E16C1800EBD2
S1134C900190A0E10080A0E1EF1900EB0060A0E129
S1134CA0301800EB0020A0E10130A0E10800A0E1F1
S1134CB00910A0E15D1700EB306086E20160C5E4F5
S1134CC0050057E10080A0E10190A0E1EAFFFF1A8E
S1134CD00020A0E3403C1FE548108DE2030091E86A
S1134CE0531700EB0820A0E10930A0E1B41900EB50
S1134CF0000050E3DC00000A44309DE508308DE5F7
S1134D0001A055E50FFFFFEA0610A0E114009DE5A0
S1134D10040B00EB000050E344FDFFAA0030A0E3C5
S1134D2014109DE50A20A0E30400A0E1540900EB5F
S1134D3024309DE5000053E308309DE5013043E253
S1134D4014008DE508308DE50E00001A34209DE531
S1134D5080109DE5000052E30230A0E10130A0D3B1
S1134D600030A0C3020051E30030A0D3000053E39D
S1134D700230A0011C308D052AFFFF0A34309DE566
S1134D801C308DE532FDFFEA0030A0E30A20A0E3E9
S1134D9020109DE50400A0E1390900EB80309DE579
S1134DA034209DE5020053E30130A0C30030A0D3BA
S1134DB0000052E30030A0C3000053E320008DE55F
S1134DC01C208D05ECFFFF1A000055E3040000DAF7
S1134DD00520A0E120109DE50400A0E1970A00EB66
S1134DE020008DE5000057E320809D05E900001AAE
S1134DF01C309DE510209DE5013043E2033082E044
S1134E001C308DE501300AE20670A0E10250A0E1F9
S1134E1018308DE520909DE514609DE5080000EABA
S1134E20170900EB0810A0E10090A0E10030A0E316
S1134E300A20A0E30400A0E1110900EB0080A0E136
S1134E400A50A0E10710A0E10600A0E109FBFFEB76
S1134E500910A0E100A0A0E10600A0E1B10A00EB66
S1134E600820A0E100B0A0E10710A0E10400A0E147
S1134E70C40A00EB0C2090E5000052E330208AE2E3
S1134E800030A0E10C208DE53100001A0010A0E1F3
S1134E9014008DE50600A0E1A20A00EB0020A0E1C9
S1134EA014309DE50310A0E10400A0E114208DE579
S1134EB0EC0800EB80309DE514209DE5033092E181
S1134EC00200001A18309DE5000053E3DC00000ADC
S1134ED000005BE38B0000BA80309DE503309BE16A
S1134EE00200001A18309DE5000053E38500000A13
S1134EF0000052E3B80000CA1C309DE5050053E1F0
S1134F000C30DDE501A085E20030C5E50A50A0E1E2
S1134F10BD00000A0610A0E10030A0E30A20A0E3CF
S1134F200400A0E1D60800EB080059E10060A0E10C
S1134F300910A0E10030A0E30A20A0E30400A0E1EE
S1134F40B6FFFF1ACE0800EB0090A0E10080A0E1BC
S1134F50BAFFFFEA0120A0E3D1FFFFEA10009DE5BC
S1134F6068FBFFEA00005AE389FCFF1AFF34CBE335
S1134F700F36C3E3000053E3ECFEFF1A0271CBE3E8
S1134F80277AA0E1077AA0E1000057E3E8FEFF0AD0
S1134F9018309DE5013083E218308DE50C309DE535
S1134FA0013083E20C308DE50170A0E3E0FEFFEAFE
S1134FB00130A0E30010A0E334308DE5441084E513
S1134FC084308DE51C308DE538FDFFEA1C309DE50D
S1134FD0000053E367FEFF0A34509DE5000055E3EB
S1134FE081FEFFDA0020A0E35C3F1FE50A00A0E198
S1134FF00B10A0E1921700EB00A0A0E101B0A0E12A
S1135000010089E2571700EB0A20A0E10B30A0E170
S11350108B1700EB843F1FE50020A0E3841600EB10
S113502008309DE5013043E20080A0E144308DE585
S11350300D9541E240508DE56BFDFFEA3020A0E381
S113504010109DE50020C1E508209DE5012082E2C5
S113505008208DE501A055E543FEFFEA38B08DE256
S1135060000C9BE80290A0E344FDFFEA48308DE287
S11350700C0093E80000A0E3E41F1FE56B1600EBAF
S11350800820A0E10930A0E1DF1800EB000050E3A4
S11350900100001A54FEFFEA0350A0E1013055E577
S11350A0300053E3013045E2FAFFFF0AB4FDFFEAA2
S11350B03130A0E308209DE5012082E208208DE53F
S11350C010209DE50030C2E588FEFFEA20209DE522
S11350D0000052E350309D05433E83120330831297
S11350E028609D1528609D053630630218509DE5A3
S11350F0C8FCFFEA0C409DE572FCFFEA44309DE5E4
S113510008308DE50FFEFFEA000052E30610A0E12F
S113511014608DE520908DE50760A0E10C709DE59D
S11351200A0000DA0120A0E30400A0E1C30900EBB7
S11351300610A0E114008DE5FA0900EB000050E32D
S1135140480000DA390057E33400000A31708AE27B
S113515020909DE50070C5E520808DE5015085E235
S113516062FEFFEA0300001A010017E30100000ACF
S113517052FEFFEA0350A0E1013055E5300053E34D
S1135180013045E2FAFFFF0A58FEFFEA0060A0E39F
S113519020608DE5A8FBFFEA20709DE50400A0E1F6
S11351A0041097E50C0800EB0050A0E1102097E5EF
S11351B0022082E20221A0E10C1087E20C0080E2CE
S11351C0170700EB0510A0E10120A0E30400A0E113
S11351D09A0900EB0080A0E104FFFFEA14608DE56A
S11351E00760A0E10C709DE5390057E320908DE540
S11351F00A00000A017087E20070C5E520909DE571
S1135200015085E220808DE538FEFFEA14608DE5CB
S113521020808DE50760A0E10C709DE51EFEFFEA8D
S11352203920A0E320909DE50020C5E520808DE590
S1135230015085E222FEFFEA00005AE33BFEFF1A1A
S113524049FFFFEA14608DE50760A0E10C709DE55D
S1135250390057E320908DE5F0FFFF0A00005BE37F
S1135260B9FFFFCAB9FFFFEAB8FFFF1A010017E34D
S1135270B6FFFF0AB2FFFFEA3C006012D8FBFF0A48
S1135280DDFDFFEA0030E0E384508DE51C308DE560
S11352904FFBFFEAFC30D1E10328A0E1020712E34F
S11352A0F0412DE90150A0E10080A0E13400001A92
S11352B0042091E5023B83E3000052E3BC30C1E1EA
S11352C0500000DA284095E5000054E35000000A3D
S11352D00020A0E30338A0E1010203E22078B0E15A
S11352E0006098E52338A0E1002088E55E00000A0C
S11352F0502095E5040013E30500000A301095E5FD
S1135300043095E5000051E3032042E03C3095155C
S1135310032042100030A0E31C1095E50800A0E132
S11353200FE0A0E114FF2FE1010070E33B00000A4D
S11353300010A0E3FC30D5E1102095E5023BC3E367
S1135340010A13E3BC30C5E1041085E5002085E5BE
S11353504300001A301095E5000051E3006088E531
S11353602B00000A403085E2030051E10800A0113F
S1135370E301001B0000A0E3300085E5F041BDE837
S11353801EFF2FE1106091E5000056E32000000AA3
S11353902228A0E1030012E30030A013004091E5AD
S11353A014309105064044E0000054E3006081E5B8
S11353B0083081E5030000CA150000EA000054E348
S11353C0006086E0120000DA0430A0E1247095E564
S11353D00620A0E11C1095E50800A0E10FE0A0E183
S11353E017FF2FE1000050E3004044E0F2FFFFCA42
S11353F00000E0E3BC30D5E1403083E3BC30C5E1DC
S1135400F041BDE81EFF2FE13C2091E5000052E38E
S1135410ABFFFFCA0000A0E3F041BDE81EFF2FE18F
S1135420001098E51D0051E3F0FFFF8A98309FE5D6
S11354303331E0E1013013E2ECFFFF1AFC20D5E147
S113544010C095E5022BC2E3010A12E3043085E59E
S1135450BC20C5E100C085E5BDFFFF0A000051E3A3
S1135460BBFFFF1A500085E5B9FFFFEA0720A0E162
S11354700130A0E31C1095E50800A0E10FE0A0E1D5
S113548014FF2FE1010070E30020A0E10200000AF4
S1135490BC30D5E1284095E595FFFFEA003098E55A
S11354A0000053E3F9FFFF0A160053E31D005313F2
S11354B0BC30D51140308313006088050700A0017B
S11354C00200A011BC30C511CCFFFFEA010040204E
S11354D070402DE9004050E20150A0E10200000AB2
S11354E0383094E5000053E31500000AFC00D5E1D0
S11354F0000050E30040A0010E00000A643095E56E
S1135500010013E30100001A020C10E31300000A67
S11355100400A0E10510A0E15DFFFFEB643095E518
S1135520010013E30040A0E10200001ABC30D5E101
S1135530020C13E30400000A0400A0E17040BDE87B
S11355401EFF2FE1770000EBE7FFFFEA580085E23A
S1135550411800EB0400A0E17040BDE81EFF2FE1FC
S1135560580085E23E1800EBE8FFFFEA10402DE901
S1135570004050E20300000A940300EB0410A0E191
S11355801040BDE8D1FFFFEA10309FE510109FE501
S1135590000093E56A0300EB1040BDE81EFF2FE115
S11355A048C00000D054000010402DE908109FE5C9
S11355B0630300EB1040BDE81EFF2FE1449B000095
S11355C00030A0E310402DE90040A0E1BC10C0E190
S11355D0BE20C0E1003080E5043080E5083080E57D
S11355E0643080E5103080E5143080E5183080E5C3
S11355F00310A0E10820A0E35C0080E29F0600EB1A
S11356002C009FE52C109FE52C209FE52C309FE576
S1135610200084E51C4084E5241084E5282084E5EA
S11356202C3084E5580084E2071800EB1040BDE8F4
S11356301EFF2FE18C840000C88400002085000038
S113564050850000643090E5010013E30200001A65
S1135650BC30D0E1020C13E30100000A0000A0E317
S11356601EFF2FE110402DE9580080E2FC1700EBEB
S11356700000A0E31040BDE81EFF2FE1643090E578
S1135680010013E30200001ABC30D0E1020C13E362
S11356900100000A0000A0E31EFF2FE110402DE9E5
S11356A0580080E2EC1700EB0000A0E31040BDE8D6
S11356B01EFF2FE1012041E270402DE9824082E08B
S11356C0042182E08241A0E10160A0E1741084E23F
S11356D0BB0300EB005050E20600000A0010A0E3F8
S11356E00C0085E2046085E5682084E2001085E50D
S11356F0080085E5610600EB0500A0E17040BDE807
S11357001EFF2FE110402DE910309FE510109FE59A
S1135710000093E50A0300EB1040BDE81EFF2FE1F3
S113572048C00000449B000010402DE90040A0E167
S11357307C009FE5CA1700EB382094E5000052E393
S11357401700001A0300A0E368109FE5BB3F84E242
S1135750E83284E5E02284E5E40284E53C1084E553
S1135760040094E50410A0E394FFFFEB080094E523
S11357700120A0E30910A0E390FFFFEB0C0094E5E7
S11357800220A0E31210A0E38CFFFFEB0130A0E3A2
S11357901C009FE5383084E5AF1700EB1040BDE8EE
S11357A01EFF2FE108009FE5AB1700EB1040BDE89A
S11357B01EFF2FE1B8CD0000A8550000F0412DE9EF
S11357C00060A0E108019FE5A51700EB04319FE507
S11357D0005093E5383095E5000053E32D00000AAE
S11357E00470A0E32E5E85E2043095E5013053E2B7
S11357F0084095E50400005A210000EA013043E224
S1135800010073E3684084E21D00000AFC20D4E137
S1135810000052E3F8FFFF1A0050A0E30020E0E389
S11358200130A0E3BE20C4E1BC30C4E1580084E2EE
S1135830645084E5841700EB94009FE5861700EB21
S1135840005084E5085084E5045084E5105084E554
S1135850145084E5185084E50510A0E10820A0E365
S11358605C0084E2050600EB305084E5345084E5A6
S1135870445084E5485084E50400A0E1F041BDE8CB
S11358801EFF2FE1004095E5000054E30400000AE8
S11358900450A0E1D3FFFFEA0500A0E1A1FFFFEB64
S11358A0CEFFFFEA0710A0E10600A0E180FFFFEBB6
S11358B0000050E30040A0E1000085E5F3FFFF1A7B
S11358C00C009FE5641700EB0C30A0E3003086E584
S11358D0E8FFFFEABCCD000048C0000010402DE9FD
S11358E008009FE55E1700EB1040BDE81EFF2FE1A6
S11358F0BCCD000010402DE908009FE5561700EBD1
S11359001040BDE81EFF2FE1BCCD000010402DE982
S113591008009FE5521700EB1040BDE81EFF2FE181
S1135920B8CD000010402DE908009FE54A1700EBB0
S11359301040BDE81EFF2FE1B8CD000010402DE956
S113594014009FE5461700EBA00200EB0C109FE546
S11359505A0200EB1040BDE81EFF2FE1BCCD000051
S11359604456000010402DE9980200EB10109FE50A
S1135970520200EB0C009FE5371700EB1040BDE826
S11359801EFF2FE17C560000BCCD000010402DE925
S113599008009FE52C1700EB1040BDE81EFF2FE127
S11359A0BCCD000010402DE908009FE5261700EB50
S11359B01040BDE81EFF2FE1B8CD000070402DE976
S11359C034509FE534409FE5054044E04441B0E154
S11359D0045185100500000A014044E2043035E515
S11359E00FE0A0E113FF2FE1000054E3F9FFFF1AD9
S11359F0591A00EB7040BDE81EFF2FE174C300008C
S1135A0078C30000F0412DE90140A0E1E4709FE576
S1135A100060A0E1DE0500EB083097E5045093E553
S1135A20FE1E64E20F1081E20350C5E3054081E0ED
S1135A302446A0E1014044E20446A0E1010A54E303
S1135A40060000BA0010A0E30600A0E17D0A00EB06
S1135A50083097E5053083E0030050E10400000AB4
S1135A600600A0E1D00500EB0000A0E3F041BDE892
S1135A701EFF2FE1001064E20600A0E1710A00EBB2
S1135A80010070E30C00000A6C209FE5081097E504
S1135A90003092E5045045E0015085E30600A0E1A2
S1135AA0044043E0045081E5004082E5BE0500EB7C
S1135AB00100A0E3F041BDE81EFF2FE10010A0E3C8
S1135AC00600A0E15F0A00EB082097E5023040E001
S1135AD00F0053E3E1FFFFDA20109FE500C091E5DA
S1135AE014109FE5013083E30C0040E0043082E5AC
S1135AF0000081E5D9FFFFEA08C80000C4CD00001A
S1135B0010CC000070402DE9004051E23100000A41
S1135B100050A0E19E0500EB041014E5ACE29FE503
S1135B200130C1E308C044E203008CE008609EE554
S1135B30042090E5060050E10320C2E34E00000A71
S1135B40010011E3042080E50900001A084014E56F
S1135B5004C04CE008109CE508608EE2060051E1A8
S1135B60043083E05C00000A0C409CE50C4081E5B5
S1135B70081084E5021080E0041091E5010011E3AF
S1135B800120831304208C1503308C172C00000A89
S1135B90020C53E31100002A0140A0E304009EE537
S1135BA0A331A0E1042083E04331A0E1143380E178
S1135BB082118EE082019EE7081041E204308EE5F6
S1135BC00C108CE508008CE582C18EE70CC080E5E2
S1135BD00500A0E1740500EB7040BDE81EFF2FE155
S1135BE0A324A0E1040052E34800008A2323A0E197
S1135BF0394082E28441A0E1381082E204008EE060
S1135C0004209EE7080040E2020050E14500000A3B
S1135C10041092E50310C1E3010053E12C00002AB3
S1135C20082092E5020050E1F8FFFF1A0C3090E5DD
S1135C300C308CE508008CE508C083E50CC080E5D9
S1135C40E2FFFFEA081090E584419FE5040051E17A
S1135C50023083E03A00000A0C0090E5012083E35F
S1135C60020C53E30C0081E5081080E504208CE568
S1135C7003308CE7D9FFFF2AC6FFFFEA010011E3D6
S1135C80023083E00600001A082014E502C04CE04C
S1135C9008008CE2030090E80C1080E5080081E520
S1135CA0023083E02C219FE5001092E5012083E37C
S1135CB0010053E104208CE508C08EE5C3FFFF3AE0
S1135CC014319FE50500A0E1001093E54CFFFFEBC4
S1135CD0BEFFFFEA0200A0E1D3FFFFEA021080E06A
S1135CE0041091E5010011E33400001A081080E269
S1135CF0033082E0060091E8010083E30C2081E593
S1135D00081082E504008CE503308CE7AFFFFFEA5E
S1135D10140052E31200008A5C4082E28441A0E154
S1135D205B1082E2B4FFFFEA0140A0E304309EE589
S1135D304121A0E1142283E104208EE50030A0E19A
S1135D40BAFFFFEA012083E314C08EE510C08EE59C
S1135D500C108CE508108CE504208CE503308CE7EE
S1135D609AFFFFEA540052E30400008A2326A0E1CC
S1135D706F4082E28441A0E16E1082E29EFFFFEA5E
S1135D80550F52E30400008AA327A0E1784082E281
S1135D908441A0E1771082E297FFFFEA3C109FE57F
S1135DA0010052E12329A0917D4082928441A09177
S1135DB07C108292FE4FA0837E10A0838EFFFFEAA8
S1135DC0012083E304208CE5003080E57FFFFFEAB7
S1135DD008C8000010C8000014CC0000C0CD0000AA
S1135DE054050000083092E5000053E3CB00000A9C
S1135DF0F04F2DE9FC30D1E10338A0E1020713E3B1
S1135E000CD04DE20140A0E100B0A0E10260A0E1AD
S1135E1023A8A0E12000000A102091E5000052E32D
S1135E201D00000A02901AE2005096E52500000ABF
S1135E300080A0E30870A0E17C949FE5000057E394
S1135E404A00000A090057E10730A0310930A021B7
S1135E5024A094E50820A0E11C1094E50B00A0E127
S1135E600FE0A0E11AFF2FE1000050E3890000DAFF
S1135E70083096E5003043E0000053E3008088E0FA
S1135E80007047E0083086E5EBFFFF1A0000A0E34E
S1135E900CD08DE2F04FBDE81EFF2FE10410A0E10D
S1135EA00B00A0E1EDF5FFEB000050E3FC00001A4D
S1135EB0FC30D4E10338A0E123A8A0E102901AE267
S1135EC0005096E5D9FFFF1A01A01AE20A90A0013A
S1135ED09400001A000059E32000000A020413E3AE
S1135EE0087094E52338A0E12400000A070059E172
S1135EF00780A0E13700003A120D13E33A00001ABC
S1135F000930A0E1000094E50820A0E10A10A0E116
S1135F1004308DE5070400EB081094E5002094E5B7
S1135F20077041E0088082E0087084E5008084E521
S1135F3004309DE5082096E5032042E0000052E38A
S1135F4003A08AE0039049E0082086E5CEFFFF0A1B
S1135F50FC30D4E1000059E30338A0E1DEFFFF1A6E
S1135F6000A095E5049095E5085085E2D8FFFFEA86
S1135F70008095E5047095E5085085E2AEFFFFEAE0
S1135F80000094E5103094E5030050E10200008A1B
S1135F90148094E5080059E14500002A090057E1FE
S1135FA00970A0210A10A0E10720A0E1E10300EBA1
S1135FB0082094E5003094E5072042E0073083E0B0
S1135FC0000052E3082084E5003084E52C00000A38
S1135FD00730A0E1D6FFFFEA0970A0E10930A0E193
S1135FE00980A0E1000094E5C6FFFFEA101094E5E3
S1135FF0008094E5142094E5018048E0822082E04A
S1136000017088E2A22F82E0097087E0C220A0E13B
S1136010020057E10270A0910720A081010B13E355
S11360203200000A0210A0E10B00A0E1640100EBC1
S1136030003050E29C00000A0820A0E1101094E512
S113604004308DE5760300EBBC20D4E1122DC2E3CD
S1136050802082E3BC20C4E104309DE5080083E095
S1136060088047E0103084E5088084E5147084E5F6
S1136070000084E50970A0E10930A0E10980A0E1F5
S1136080A0FFFFEA0410A0E10B00A0E10FFDFFEB6D
S1136090000050E3CDFFFF0AFC30D4E10000E0E350
S11360A0403083E3BC30C4E10CD08DE2F04FBDE856
S11360B01EFF2FE1060179E30900A0310201E0236C
S11360C00810A0E1041200EB247094E5980003E0AA
S11360D00A20A0E11C1094E50B00A0E10FE0A0E170
S11360E017FF2FE1003050E291FFFFCAE9FFFFEAFA
S11360F00B00A0E19E0700EB003050E2D6FFFF1A30
S1136100101094E50B00A0E17DFEFFEB0C20A0E352
S1136110FC30D4E100208BE58030C3E3DEFFFFEAEE
S11361200000A0E31EFF2FE10900A0E109A0A0E107
S11361300980A0E1260000EA000050E32D00000AD7
S1136140080059E10910A0310810A021102094E59D
S113615014C094E5083094E5000094E503308CE025
S1136160020050E10020A0930120A083030051E12C
S11361700020A0D3000052E30170A0E13800001A0F
S11361800C0051E1240000BA247094E50C30A0E125
S11361900A20A0E11C1094E50B00A0E10FE0A0E1AF
S11361A017FF2FE1007050E2BAFFFFDA079059E0C1
S11361B00100A0132400000A083096E5073043E0EC
S11361C0000053E307A08AE0078048E0083086E532
S11361D02DFFFF0A000058E3D6FFFF1A083085E2BE
S11361E0048013E5000058E30350A0E108A013E580
S11361F0083083E2F9FFFF0A0820A0E10A10A0E3B7
S11362000A00A0E1C20200EB000050E3010080128A
S11362100A90401001908802C8FFFFEA0120A0E123
S11362200A10A0E1430300EB082094E5003094E554
S1136230072042E0073083E0079059E0082084E516
S1136240003084E50100A013DAFFFF1A0410A0E176
S11362500B00A0E19DFCFFEB000050E3D5FFFF0A1B
S11362608CFFFFEA0320A0E10A10A0E104308DE5D1
S1136270300300EB002094E504309DE5032082E028
S1136280002084E50410A0E10B00A0E18FFCFFEBEB
S1136290000050E304309DE57EFFFF1A0370A0E187
S11362A0C1FFFFEA0000E0E3F8FEFFEA0C20A0E3F0
S11362B0FC30D4E100208BE577FFFFEA00FCFF7F90
S11362C0F0412DE92E7E90E21900000A0180A0E140
S11362D00060A0E3045097E5015055E2084097E5BB
S11362E00D00004ABC30D4E1010053E3015045E203
S11362F00600009AFE30D4E1010073E30300000AB3
S11363000400A0E10FE0A0E118FF2FE1006086E1A6
S1136310010075E3684084E2F1FFFF1A007097E51D
S1136320000057E3EAFFFF1A0600A0E1F041BDE8D0
S11363301EFF2FE10760A0E10600A0E1F041BDE8E7
S11363401EFF2FE1F0472DE92E6E90E21B00000A9C
S11363500180A0E10070A0E10090A0E3045096E564
S1136360015055E2084096E50E00004ABC30D4E1E5
S1136370010053E3015045E20700009AFE30D4E1E6
S1136380010073E30400000A0410A0E10700A0E187
S11363900FE0A0E118FF2FE1009089E1010075E30F
S11363A0684084E2F0FFFF1A006096E5000056E3BF
S11363B0E9FFFF1A0900A0E1F047BDE81EFF2FE145
S11363C00690A0E10900A0E1F047BDE81EFF2FE11F
S11363D004309FE5000093E51EFF2FE1D8C30000C1
S11363E0F00080E21EFF2FE110402DE9F7FFFFEBE4
S11363F0340090E510309FE5000050E30300A00155
S11364001040BDE8F00080E21EFF2FE118CC000030
S113641010402DE9EDFFFFEB340090E510309FE5CF
S1136420000050E30300A0011040BDE8F00080E24A
S11364301EFF2FE118CC000070402DE90140A0E1BF
S1136440FE10D1E1000051E340D04DE20250A0E142
S11364500360A0E10F0000BA04208DE2990E00EB66
S1136460000050E30B0000BA08209DE50F2A02E269
S1136470023A42E2002073E20320A2E0020BA0E30E
S1136480013BA0E3002086E5003085E540D08DE2A5
S11364907040BDE81EFF2FE10030A0E3BC20D4E132
S11364A0800012E2003086E50500000A4020A0E3E7
S11364B00300A0E1002085E540D08DE27040BDE8F6
S11364C01EFF2FE1013BA0E3003085E540D08DE2C3
S11364D07040BDE81EFF2FE170402DE9BC20D1E1E2
S11364E0020012E308D04DE20140A0E10700000AD7
S11364F00110A0E3432084E2141084E5002084E525
S1136500102084E508D08DE27040BDE81EFF2FE125
S113651004308DE20D20A0E10050A0E1C5FFFFEBA7
S113652000109DE50060A0E10500A0E1240000EB5F
S1136530000050E3FC30D4E11600000A04C09DE5DD
S113654078109FE500209DE5803083E300005CE344
S11365503C1085E5BC30C4E1000084E5100084E50E
S1136560142084E50400001A063083E1BC30C4E141
S113657008D08DE27040BDE81EFF2FE10500A0E1C8
S1136580FE10D4E1600E00EBFC30D4E1000050E3D7
S113659001308313F3FFFFEA020C13E3D8FFFF1A61
S11365A00110A0E3432084E2023083E3BC30C4E161
S11365B0141084E5002084E5102084E5D0FFFFEA70
S11365C0A8550000F84F2DE90B6081E2160056E350
S11365D00050A0E17200009A0760C6E3060051E192
S11365E00010A0930110A083A63F91E18800001A37
S11365F0E70200EB7E0F56E3BE01003AA634B0E199
S11366008900000A040053E3CF00008A2633A0E186
S1136610390083E238C083E28011A0E1E0769FE58F
S1136620011087E0044091E5081041E2040051E1C3
S11366300500001A0A0000EA000052E3660000AAFE
S11366400C4094E5040051E10500000A043094E58F
S11366500330C3E3062043E00F0052E3F5FFFFDA03
S11366600C00A0E1104097E598C69FE50C0054E1AA
S1136670043097051800000A043094E50330C3E39E
S1136680062043E00F0052E3D30000CA000052E3A7
S113669014C087E510C087E5670000AA020C53E325
S11366A0B200002A0180A0E3042097E5A331A0E111
S11366B0081083E04331A0E1183382E181E187E0EF
S11366C0818197E708204EE20C2084E5088084E568
S11366D0043087E5814187E70C4088E50110A0E399
S11366E04021A0E111E2A0E103005EE15C00008A28
S11366F003001EE10800001A1EE1A0E10300C0E34C
S113670003001EE1040080E20300001A8EE0A0E111
S113671003001EE1040080E2FBFFFF0A809187E092
S11367200910A0E10040A0E10C8091E5080051E1CE
S11367300500001AB50000EA000052E3BD0000AAFB
S11367400C8098E5080051E1B000000A043098E597
S11367500330C3E3062043E00F0052E3F5FFFFDA02
S11367600C1098E508E098E5014086E3044088E5CC
S1136770066088E0014082E30C108EE50500A0E18C
S113678008E081E5146087E5106087E5101086E96C
S11367900CC086E5032088E7830200EB084088E20A
S11367A0180000EA100051E31900008A780200EB97
S11367B01060A0E31830A0E30200A0E340759FE559
S11367C0033087E0044093E5082043E2020054E1EB
S11367D09300000A043094E50330C3E3033084E0FB
S11367E0042093E50C1094E508C094E5012082E3AD
S11367F00C108CE50500A0E108C081E5042083E5C8
S1136800690200EB084084E20400A0E1F84FBDE80F
S11368101EFF2FE10C30A0E30040A0E3003085E52B
S11368200400A0E1F84FBDE81EFF2FE1021CA0E325
S11368304000A0E33FC0A0E377FFFFEA033084E019
S1136840042093E5012082E30500A0E1042083E510
S1136850084084E2540200EB0400A0E1F84FBDE8D4
S11368601EFF2FE1084097E5043094E50390C3E34D
S1136870063049E00F0053E30020A0C30120A0D359
S1136880060059E101208233000052E32200000A8D
S113689074849FE5083497E5002098E5010073E3CC
S11368A0022086E0013A82120F308312FFAEC31336
S11368B010A082020FA0CA130A10A0E10500A0E1F3
S11368C0E00600EB010070E300B0A0E10300000A61
S11368D0093084E0070054E1000053118300009A5A
S11368E0084097E5043094E50330C3E3030056E120
S11368F00020A0930120A083063043E00F0053E35F
S1136900012082D3000052E30300000A0500A0E145
S1136910250200EB0040A0E3BAFFFFEA013083E365
S1136920012086E3066084E0042084E50500A0E1FC
S1136930086087E5084084E2043086E51A0200EB2B
S11369400400A0E1F84FBDE81EFF2FE1140053E35B
S11369504400009A540053E3A500008A2636A0E1BF
S11369606F0083E26EC083E28011A0E12AFFFFEA98
S1136970A324A0E1040052E33E00009A140052E371
S1136980B100008A5C8082E28881A0E15B1082E22F
S113699008E087E0082097E708E04EE202005EE1A5
S11369A09A00000A041092E50310C1E3010053E1C8
S11369B08D00002A082092E502005EE1F8FFFF1A2C
S11369C00C209EE5043097E50C2084E508E084E57E
S11369D0084082E50C408EE53FFFFFEA01E086E3D4
S11369E0011082E3066084E004E084E50500A0E190
S11369F0146087E5106087E50CC086E5021086E91F
S1136A00032084E7E80100EB084084E27DFFFFEA0D
S1136A10014084E2030014E3081081E241FFFF1AFD
S1136A201D0000EA0C4093E5040053E102008002DB
S1136A300BFFFF0A66FFFFEA0840A0E1033088E08D
S1136A40042093E50C1098E508C0B4E5012082E326
S1136A50042083E50500A0E10C108CE508C081E565
S1136A60D10100EB67FFFFEA5C0083E25BC083E2D5
S1136A708011A0E1E8FEFFEA2323A0E1398082E24D
S1136A808881A0E1381082E2C0FFFFEA083019E4EF
S1136A90030059E1010040E29400001A030010E3EE
S1136AA0F9FFFF1A043097E50E30C3E1043087E59F
S1136AB08EE0B0E10120A0130020A00303005EE1FA
S1136AC00020A08301200292000052E364FFFF0A29
S1136AD003001EE10400A0E10FFFFF1A8EE0A0E115
S1136AE003001EE1040080E2FBFFFF0A0AFFFFEA45
S1136AF0041098E5000053E101108AE0041088E5D1
S1136B005C00000A082497E5010072E303304B108F
S1136B100110831008B487050410881507101BE2C0
S1136B20011AA0030830611203B08B100A208BE015
S1136B30011A6112022AA0E108108112222AA0E19E
S1136B4002A041E00A10A0E10500A0E13D0600EB2F
S1136B50010070E300A0A0030130A0030B3040103B
S1136B60041098E50A3083100130831301108AE081
S1136B70070054E108B087E5041088E504308BE58C
S1136B800F00000A0F0059E30130A09304308B95E5
S1136B905DFFFF9A0500A0E3042094E50C3049E270
S1136BA00730C3E3012002E2032082E10F0053E334
S1136BB0033084E0042084E5040083E5080083E5D1
S1136BC03500008A2C3098E5084097E5030051E130
S1136BD0303098E52C108885030051E1043094E5A9
S1136BE0301088850330C3E33FFFFFEA02E0A0E1F1
S1136BF072FFFFEA550F53E30B00008AA637A0E1AA
S1136C00780083E277C083E28011A0E182FEFFEA8C
S1136C100180A0E3043097E54121A0E1183283E12B
S1136C20043087E50E20A0E166FFFFEADC209FE543
S1136C30020053E10B00008A2639A0E17D0083E2C3
S1136C407CC083E28011A0E173FEFFEA540052E3AA
S1136C501600008A2326A0E16F8082E28881A0E1E9
S1136C606E1082E249FFFFEAFE1FA0E37F00A0E36B
S1136C707EC0A0E368FEFFEA032AA0E1222AA0E185
S1136C80000052E39EFFFF1A0A3089E0082097E5CE
S1136C90013083E3043082E5C9FFFFEA081084E28F
S1136CA00500A0E196FBFFEB041098E5C4FFFFEAA2
S1136CB0550F52E30400008AA327A0E1788082E202
S1136CC08881A0E1771082E230FFFFEA3C109FE563
S1136CD0010052E12329A0917D8082928881A091B4
S1136CE07C108292FE8FA0837E10A08327FFFFEA90
S1136CF0043097E56DFFFFEAA601A0E1083086E2C3
S1136D00ADFEFFEA08C8000010C80000C0CD0000B6
S1136D1054050000030010E370402DE9FFE001E298
S1136D203800000A000052E301C042E21E00000ADB
S1136D300030D0E50E0053E11C00000A013080E26F
S1136D40050000EA01C05CE21700003A0020D0E52B
S1136D500E0052E1013083E21400000A030013E341
S1136D600300A0E1F6FFFF1A03005CE31100008AB0
S1136D7000005CE32500000A0030D0E50E0053E17A
S1136D800A00000A0CC080E0013080E2030000EA3F
S1136D900020D0E50E0052E1013083E20300000A36
S1136DA003005CE10300A0E1F8FFFF1A0000A0E388
S1136DB07040BDE81EFF2FE158409FE5014404E008
S1136DC00E4084E150609FE550509FE5044884E103
S1136DD0003090E5043023E0062083E00330C2E174
S1136DE0050013E10010A0E1040080E20300001A92
S1136DF004C04CE203005CE3F4FFFF8ADBFFFFEA1C
S1136E000100A0E1DBFFFFEA02C0A0E1D5FFFFEA39
S1136E100C00A0E1E5FFFFEAFFFF0000FFFEFEFE1D
S1136E20808080800F0052E30900008A000052E352
S1136E300030A0E13C00000A013043E2022081E07E
S1136E4001C0D1E4020051E101C0E3E5FBFFFF1AF8
S1136E501EFF2FE1003081E1030013E33000001A2C
S1136E60F0402DE902E0A0E110C080E2103081E2A0
S1136E70107013E50C6013E5085013E5044013E5A6
S1136E8010E04EE20F005EE310700CE50C600CE5C0
S1136E9008500CE504400CE5103083E210C08CE28D
S1136EA0F2FFFF8A103042E20F30C3E30F6002E2C8
S1136EB0103083E2030056E3031081E0033080E0E6
S1136EC01A00009A0140A0E106C0A0E104E043E2F8
S1136ED004C04CE2045094E403005CE30450AEE5C7
S1136EE0FAFFFF8A04C046E203C0CCE304C08CE28C
S1136EF00C1081E00C3083E0032002E2000052E336
S1136F0001304312022081100300000A01C0D1E4C1
S1136F10020051E101C0E3E5FBFFFF1AF040BDE8C8
S1136F201EFF2FE10030A0E1C2FFFFEA1EFF2FE1A8
S1136F300620A0E1F0FFFFEA010050E10A00009AF8
S1136F40023081E0030050E10700002A000052E310
S1136F50022080E01EFF2F0101C073E5030051E110
S1136F6001C062E5FBFFFF1A1EFF2FE10F0052E391
S1136F700900008A000052E30030A0E13C00000A4E
S1136F80013043E2022081E001C0D1E4010052E17A
S1136F9001C0E3E5FBFFFF1A1EFF2FE1003081E192
S1136FA0030013E33000001A70402DE902E0A0E171
S1136FB010C080E2103081E2104013E510400CE56F
S1136FC00C4013E50C400CE5084013E508400CE5C3
S1136FD010E04EE2044013E50F005EE304400CE5CC
S1136FE0103083E210C08CE2F2FFFF8A103042E2DC
S1136FF00F30C3E30F6002E2103083E2030056E374
S1137000031081E0033080E01A00009A0140A0E1FF
S113701006C0A0E104E043E204C04CE2045094E45E
S113702003005CE30450AEE5FAFFFF8A04C046E2C5
S113703003C0CCE304C08CE20C1081E00C3083E08C
S1137040032002E2000052E30130431202208110C7
S11370500300000A01C0D1E4010052E101C0E3E5EC
S1137060FBFFFF1A7040BDE81EFF2FE10030A0E1D6
S1137070C2FFFFEA1EFF2FE10620A0E1F0FFFFEAB6
S1137080030010E34000000A000052E3012042E242
S11370901EFF2F01FFC001E20030A0E1020000EA60
S11370A0012042E2010072E31EFF2F0101C0C3E48C
S11370B0030013E3F9FFFF1A030052E32A00009AC6
S11370C010402DE9FFE001E20EE48EE10F0052E3EF
S11370D00EE88EE11000009A0240A0E110C083E2A5
S11370E0104044E20F0054E310E00CE50CE00CE522
S11370F008E00CE504E00CE510C08CE2F7FFFF8A21
S113710010C042E20FC0CCE30F2002E210C08CE2B8
S1137110030052E30C3083E00A00009A0340A0E12C
S113712002C0A0E104C04CE203005CE304E084E498
S1137130FBFFFF8A04C042E203C0CCE304C08CE23C
S11371400C3083E0032002E2000052E30400000A52
S1137150FF1001E2022083E00110C3E4030052E1C6
S1137160FCFFFF1A1040BDE81EFF2FE1000052E3B0
S11371701EFF2F01FF1001E2022083E00110C3E48F
S1137180030052E1FCFFFF1A1EFF2FE10030A0E1D3
S1137190C8FFFFEA10402DE908009FE5301100EB1D
S11371A01040BDE81EFF2FE1F4CD000010402DE992
S11371B008009FE5281100EB1040BDE81EFF2FE1F9
S11371C0F4CD000010402DE908009FE51E1100EBEE
S11371D01040BDE81EFF2FE1F4CD00004C3090E5D7
S11371E0000053E370402DE90050A0E10140A0E10C
S11371F00900000A040193E7000050E30F00000AAD
S1137200002090E5042183E70030A0E3103080E5FE
S11372100C3080E57040BDE81EFF2FE12120A0E383
S11372200410A0E3110A00EB000050E34C0085E5D4
S11372300030A011EEFFFF1A0000A0E3F4FFFFEA04
S11372400110A0E31164A0E1052086E20500A0E19D
S11372500221A0E1050A00EB000050E3F5FFFF0A5C
S1137260500080E9E7FFFFEA000051E34C3090153D
S11372700420911502019317000081150211831750
S11372801EFF2FE1F0402DE90140A0E10050A0E1F4
S113729000E0A0E3106091E5BC709FE50CD04DE2E6
S11372A014C081E200009CE5071000E0923123E065
S11372B02018A0E12308A0E1920121E001E08EE280
S11372C0073003E0013883E00E0056E104308CE41B
S11372D02138A0E1F2FFFFCA000053E30600000AD0
S11372E0082094E5020056E1070000AA062184E084
S11372F0016086E2143082E5106084E50400A0E1B8
S11373000CD08DE2F040BDE81EFF2FE1041094E59F
S11373100500A0E1011081E204308DE5AEFFFFEB32
S11373200070A0E1102094E5022082E20C1084E2B7
S11373300221A0E10C0080E2B9FEFFEB4C2095E5B0
S1137340041094E5010192E704309DE5000084E512
S1137350014182E70740A0E1E3FFFFEAFFFF0000ED
S1137360E4C09FE5F0472DE90370A0E1083083E213
S113737093ECCCE0C33FA0E1CCC063E001005CE34C
S11373800050A0E10140A0E10280A0E120609DE561
S11373902B0000DA0130A0E30010A0E38330A0E169
S11373A003005CE1011081E2FBFFFFCA0500A0E1DC
S11373B089FFFFEB0130A0E3090058E3146080E586
S11373C0103080E50A4084D20980A0D30D0000DA91
S11373D009A084E20A60A0E10A90A0E3084084E0E6
S11373E00130D6E40010A0E1303043E20920A0E1EE
S11373F00500A0E1A2FFFFEB040056E1F7FFFF1A2E
S1137400084048E204408AE0080057E1087047C099
S11374100A60A0C3077084C0070000DA0130D4E416
S11374200010A0E1303043E20620A0E10500A0E115
S113743093FFFFEB040057E1F7FFFF1AF047BDE8A5
S11374401EFF2FE10010A0E3D7FFFFEA398EE338D7
S11374502028A0E10030A0E10228A0E1000052E3CE
S11374600038A0010000A0131000A003FF0413E3E0
S11374700334A001080080020F0213E30332A001C9
S113748004008002030113E30331A001020080021F
S1137490000053E31EFF2FB1010113E3010080122A
S11374A02000A0031EFF2FE1003090E5072013E227
S11374B00010A0E10900000A010013E31F00001AF4
S11374C0020013E3A330A0112331A0010030801582
S11374D0003081050100A0130200A0031EFF2FE16C
S11374E00308A0E12008A0E1000050E31000A0037D
S11374F00200A0112338A001FF0013E32334A001EC
S1137500080080020F0013E32332A001040080026C
S1137510030013E32331A00102008002010013E3FE
S11375200400001AA330B0E10100001A2000A0E317
S11375301EFF2FE1010080E2003081E51EFF2FE1F4
S11375400000A0E31EFF2FE110402DE90140A0E15F
S11375500110A0E320FFFFEB0120A0E3144080E52D
S1137560102080E51040BDE81EFF2FE1F04F2DE90B
S1137570108091E5105092E5050058E114D04DE2D9
S11375800140A0E10290A0E1040000AA0820A0E1CB
S11375900940A0E10580A0E10190A0E10250A0E132
S11375A0083094E5041094E5057088E0030057E181
S11375B0011081C208FFFFEB14A080E207B18AE04A
S11375C00B005AE10030A0E104008DE50A30A0313F
S11375D00010A0330200002A041083E403005BE1DE
S11375E0FCFFFF8A149089E2053189E00320A0E1C1
S11375F0030059E1143084E2088183E03B00002A4F
S113760008B08DE50C708DE502B0A0E10370A0E137
S113761020E19FE500C099E50E601CE01400000A1B
S11376200A40A0E10750A0E10010A0E3042095E483
S1137630000094E50E3002E00EC000E02228A0E134
S113764096C323E02008A0E1960222E0013083E003
S1137650231882E00E3003E0013883E1050058E18D
S1137660043084E42118A0E1EFFFFF8A001084E5D0
S113767000C099E52CC8B0E11600000A00309AE574
S11376800A00A0E10340A0E10710A0E10020A0E36C
S1137690005091E52468A0E10E4005E09C6424E0DC
S11376A00E3003E0022084E0023883E1043080E4F9
S11376B0043091E4004090E52338A0E10E5004E04A
S11376C09C5323E0010058E1223883E02328A0E101
S11376D0EEFFFF8A003080E5049089E209005BE157
S11376E004A08AE2CAFFFF8A08B09DE50C709DE5FC
S11376F0000057E3090000DA04301BE5000053E3FF
S113770004B04BE20300000A040000EA04303BE545
S1137710000053E30100001A017057E2FAFFFF1A58
S113772004309DE50300A0E1107083E514D08DE2E0
S1137730F04FBDE81EFF2FE1FFFF0000033012E20F
S1137740F0412DE90240A0E10070A0E10150A00148
S11377502500001A4441B0E11900000A486097E589
S1137760000056E32700000A0080A0E3050000EAB9
S1137770C440B0E11200000A000096E5000050E3A6
S11377801200000A0060A0E1010014E3F7FFFF0A01
S11377900620A0E10510A0E10700A0E172FFFFEBC5
S11377A0000055E3042095154C30971502119317EA
S11377B00010851502518317C440B0E10050A0E1C8
S11377C0ECFFFF1A0500A0E1F041BDE81EFF2FE128
S11377D00620A0E10610A0E10700A0E162FFFFEB94
S11377E0000086E5008080E5E5FFFFEA44209FE590
S11377F0013043E2032192E70030A0E3A0FEFFEB57
S11378000050A0E1D2FFFFEA0110A0E30700A0E1CD
S113781071FEFFEB0110A0E30030A0E318209FE508
S1137820101080E5142080E50060A0E1480087E5A1
S1137830003080E5CBFFFFEAC8C000007102000001
S1137840F0472DE9107091E5C292A0E1083091E56E
S1137850077089E0014087E2030054E10150A0E190
S11378600280A0E10060A0E1041091E5030000DAC9
S11378708330A0E1030054E1011081E2FBFFFFCA61
S11378800600A0E154FEFFEB000059E3143080E24F
S1137890040000DA0020A0E3091183E0042083E45B
S11378A0030051E1FCFFFF1A10E095E5141085E296
S11378B01F8018E20EE181E01400000A00C0A0E37A
S11378C0202068E2009091E519C88CE104C083E4AB
S11378D004C091E401005EE13CC2A0E1F8FFFF8A2C
S11378E000005CE300C083E5024087124C3096E55B
S11378F0042095E5021193E7014044E2104080E53D
S1137900001085E5025183E7F047BDE81EFF2FE133
S1137910043043E2042091E401005EE10420A3E585
S1137920FBFFFF8AF0FFFFEA04E02DE5103091E54C
S113793000E0A0E1100090E5030050E00D00001A03
S11379400331A0E114E08EE2141081E2031081E01F
S113795003308EE0010000EA03005EE10500002A26
S113796004C033E5042031E502005CE1F9FFFF0ABD
S11379700200003A0100A0E304E09DE41EFF2FE1B1
S11379800000E0E3FBFFFFEAF84F2DE902B0A0E1BD
S1137990109091E5102092E5029049E0000059E32F
S11379A00170A0E14700001A0221A0E1146081E205
S11379B014E08BE2023086E002208EE0010000EA4F
S11379C0030056E14900002A04C033E5041032E5FF
S11379D001005CE1F9FFFF0A0E80A0214B00003A90
S11379E0041097E5FCFDFFEB00A0A0E3107097E501
S11379F010309BE530E19FE50C9080E50840A0E164
S1137A000650A0E1038188E0076186E014C080E2AB
S1137A10049095E4041094E40E3009E00A3083E005
S1137A202128A0E10EA001E00A3043E0292862E009
S1137A30432882E00E3003E0023883E1040058E179
S1137A4004308CE442A8A0E1F0FFFF8A050056E16F
S1137A501200009A0C40A0E10510A0E1C8E09FE5E7
S1137A60048091E40E3008E00A3083E04328A0E16A
S1137A70282882E00E3003E0023883E1010056E159
S1137A80043084E442A8A0E1F4FFFF8A0550E0E159
S1137A90066085E00360C6E3046086E206C08CE00D
S1137AA0000053E304C04CE20300001A04303CE538
S1137AB0000053E3017047E2FBFFFF0A107080E50A
S1137AC0F84FBDE81EFF2FE1146081A214808BA241
S1137AD00090A0A3C1FFFFAA14608BE20B70A0E189
S1137AE0148081E20190A0E301B0A0E1BBFFFFEAB2
S1137AF00010A0E3B8FDFFEB0030A0E30120A0E3F9
S1137B00143080E5102080E5F84FBDE81EFF2FE11A
S1137B100730A0E10680A0E10B70A0E10E60A0E1B7
S1137B2003B0A0E10190A0E3ACFFFFEAFFFF000077
S1137B305C309FE5013003E00D3543E2000053E380
S1137B40020000DA0000A0E30310A0E11EFF2FE111
S1137B50003063E2433AA0E1130053E3080000DA83
S1137B60143043E21E0053E30120A0D30130A0C32C
S1137B701F3063D21233A0D10010A0E30300A0E1B0
S1137B801EFF2FE10227A0E30000A0E35213A0E1AF
S1137B901EFF2FE10000F07FF0412DE9107090E509
S1137BA0146080E2077186E0048017E50800A0E114
S1137BB026FEFFEB203060E20A0050E3003081E54E
S1137BC0043047E20C0000CAB0209FE5030056E1F0
S1137BD00B3060E2385382E10020A02308201735DF
S1137BE03223A031153080E2184382E10400A0E181
S1137BF00510A0E1F041BDE81EFF2FE1030056E1AE
S1137C001100002A0B2050E2083017E51000000A8A
S1137C1068109FE508C047E20C0056E120E062E2EC
S1137C20188281E10C001735335E88E11332A031EC
S1137C301302A021300E83310040A0E10510A0E121
S1137C400400A0E1F041BDE81EFF2FE10B3050E23B
S1137C500600001A0340A0E1FF5588E3035685E3BC
S1137C600400A0E10510A0E1F041BDE81EFF2FE1F2
S1137C7008209FE50000A0E3185382E1EDFFFFEA2E
S1137C800000F03FF0412DE90340A0E108D04DE2AF
S1137C900110A0E30280A0E120609DE524509DE551
S1137CA04DFDFFEBE4309FE5FF14C4E30F16C1E381
S1137CB0244A13E001168113000058E30070A0E188
S1137CC004108DE51D00000A08008DE2088020E5FF
S1137CD0F4FDFFEB0C009DE8000050E3201060125F
S1137CE0132182113330A0111420871504308D150F
S1137CF014208705000053E30110A0030210A01311
S1137D00000054E3183087E5101087E51500001AC9
S1137D10430E40E2013187E0020040E2000086E5C4
S1137D20100093E5C9FDFFEB810260E0000085E5EA
S1137D300700A0E108D08DE2F041BDE81EFF2FE16D
S1137D4004008DE2D7FDFFEB0130A0E304209DE5A4
S1137D50000054E30310A0E1103087E5142087E508
S1137D60200080E2E9FFFF0A434E44E2034044E27C
S1137D70004084E0350060E2004086E5000085E5CF
S1137D800700A0E108D08DE2F041BDE81EFF2FE11D
S1137D90FF070000F0432DE90CD04DE20180A0E183
S1137DA00D10A0E10090A0E17AFFFFEB0040A0E1FC
S1137DB00150A0E10800A0E104108DE275FFFFEB83
S1137DC000309DE50060A0E10170A0E1100098E59D
S1137DD0101099E504209DE5001041E0023043E0D5
S1137DE0813283E0000053E3090000DA039A85E05E
S1137DF00950A0E10620A0E10730A0E10400A0E1C1
S1137E000510A0E1B20C00EB0CD08DE2F043BDE80C
S1137E101EFF2FE1033663E0031A87E00170A0E13F
S1137E20F3FFFFEA170050E3D0402DE90040A0E142
S1137E300A0000DA0000A0E30060A0E334109FE52C
S1137E4034709FE50620A0E10730A0E1FC0B00EBB5
S1137E50014054E2FAFFFF1AD040BDE81EFF2FE1B3
S1137E6018309FE5804183E0101084E2030091E81C
S1137E70D040BDE81EFF2FE10000F03F0000244089
S1137E80C8C0000010C092E5143082E210402DE911
S1137E90014041E2C442A0E10CC183E0014084E21C
S1137EA00C0053E1044180E00900002A041040E280
S1137EB004E093E403005CE104E0A1E5FBFFFF8A36
S1137EC002304CE0153043E20330C3E3043083E274
S1137ED0030080E0000054E10300009A0030A0E3B6
S1137EE0043080E4000054E1FCFFFF8A1040BDE848
S1137EF01EFF2FE1103090E5C122A0E1020053E102
S1137F0014C080E203318CB00A0000BA080000DA21
S1137F101F1011E20600000A02319CE73301A0E1C0
S1137F20100153E102318CE00200000A0100A0E3D9
S1137F301EFF2FE102318CE003005CE10A00002AFD
S1137F40040013E5000050E3043043E20300000A98
S1137F50F5FFFFEA042033E5000052E3F2FFFF1AC5
S1137F6003005CE1FAFFFF3A1EFF2FE10000A0E3EB
S1137F701EFF2FE1F04F2DE9007051E20CD04DE2CD
S1137F800290A0E17F00000A0B4089E20080A0E19A
S1137F907FFCFFEB160054E31020A0930030A09365
S1137FA00240A0910740C483A43FA0810420A08183
S1137FB0090054E101308333000053E30C30A01373
S1137FC0041017E5085047E20360C1E30090A013D2
S1137FD0003088150F00001A020056E1110000BAA3
S1137FE00790A0E1043046E00F0053E35600008AF6
S1137FF0043095E5013003E2063083E1043085E581
S1138000065085E0043095E5013083E3043085E5CE
S11380100800A0E164FCFFEB0900A0E10CD08DE2B4
S1138020F04FBDE81EFF2FE114B49FE508309BE537
S113803006C085E003005CE1A500000A04009CE59D
S11380400130C0E303308CE0043093E5010013E316
S11380503200000A010011E38800000A0910A0E1BF
S11380600800A0E156F9FFEB009050E2E7FFFF0A99
S1138070043017E50130C3E3033085E0082049E20A
S1138080030052E1E300000A042046E2240052E324
S1138090DD00008A130052E30930A0910720A0916B
S11380A01400009A003097E5003089E5043097E524
S11380B01B0052E3043089E5082087920830899236
S11380C00C00009A083097E5083089E50C3097E5F4
S11380D00C3089E5240052E31030970510308905EF
S11380E01420970510308912142089051020871256
S11380F01830890218208702001092E5001083E5E9
S1138100041092E5041083E5082092E5082083E535
S11381100710A0E10800A0E179F6FFEBBBFFFFEA3E
S11381200300C0E3003086E0020053E11C0000BA03
S113813008108CE2060091E80790A0E10C2081E58C
S11381400360A0E1081082E5A5FFFFEA042095E59D
S1138150012002E2041085E0013083E3042082E17F
S1138160042085E5043081E5065085E0043095E57A
S1138170013083E3081081E2043085E50800A0E1C2
S11381805FF6FFEBA1FFFFEA0210A0E10CF9FFEBA1
S11381900090A0E10900A0E10CD08DE2F04FBDE811
S11381A01EFF2FE1010011E3ABFFFF1A08A017E542
S11381B00AA045E004109AE50310C1E3000081E041
S11381C0063080E0020053E1300000BA0A90A0E1DA
S11381D008108CE2060091E80C2081E5081082E585
S11381E00C109AE50800B9E5042046E2240052E3A5
S11381F00C1080E5080081E52F00008A130052E38B
S11382000920A0911400009A001097E508108AE54F
S1138210041097E51B0052E30C108AE5087087925E
S113822010208A920C00009A081097E510108AE535
S11382300C1097E514108AE5240052E310209705EA
S113824018208A0514209705107087121C208A05AF
S113825018208A121870870220208A02001097E5DD
S1138260001082E5041097E5041082E5081097E5F4
S11382700360A0E10A50A0E1081082E558FFFFEA7C
S113828008A017E50AA045E004109AE50310C1E32D
S1138290013086E0020053E16FFFFFBA0A90A0E1CB
S11382A00C109AE50800B9E5042046E2240052E3E4
S11382B00C1080E5080081E5CFFFFF9A0710A0E1CC
S11382C00900A0E10360A0E10A50A0E119FBFFEB63
S11382D043FFFFEA04309CE50330C3E3063083E048
S11382E0100084E2000053E13A0000AA010011E307
S11382F059FFFF1A08A017E50AA045E004109AE503
S11383000310C1E3033081E0030050E1DFFFFFCA43
S11383100A90A0E10C109AE50800B9E5042046E2B1
S1138320240052E30C1080E5080081E53E00008A39
S1138330130052E30920A0911400009A001097E55D
S113834008108AE5041097E51B0052E30C108AE537
S11383500870879210208A920C00009A081097E502
S113836010108AE50C1097E514108AE5240052E3F6
S11383701020970518208A0514209705107087127D
S11383801C208A0518208A121870870220208A026D
S1138390001097E5001082E5041097E5041082E5CB
S11383A0081097E5081082E5043043E004208AE0D1
S11383B0013083E308208BE5043082E504309AE53C
S11383C0013003E2044083E10800A0E104408AE5AF
S11383D075FBFFEB0FFFFFEA043043E0045085E038
S11383E0013083E308508BE5043085E5043017E55C
S11383F0013003E2044083E10800A0E1044007E502
S113840069FBFFEB0790A0E102FFFFEA0710A0E180
S1138410C8FAFFEB3DFFFFEA043019E50330C3E37C
S1138420036086E00790A0E1EDFEFFEA0710A0E1FB
S11384300900A0E104308DE5BEFAFFEB04309DE5B0
S1138440D8FFFFEA08C800000030A0E370402DE91F
S113845030409FE50050A0E10100A0E1003084E538
S11384607E0D00EB010070E30100000A7040BDE8DE
S11384701EFF2FE1003094E5000053E30030851522
S11384807040BDE81EFF2FE1FCCD000010402DE937
S11384900140A0E1FE10D1E1210700EB000050E310
S11384A0503094A5BC30D4B1003083A0013AC3B39A
S11384B0503084A5BC30C4B11040BDE81EFF2FE18C
S11384C00000A0E31EFF2FE1F0412DE90140A0E1EF
S11384D0FC10D1E1010C11E30260A0E10370A0E102
S11384E00050A0E10400000AFE10D4E10230A0E331
S11384F00020A0E3D00600EBFC10D4E1011AC1E394
S1138500BC10C4E10730A0E10620A0E1FE10D4E1D4
S11385100500A0E1430500EBF041BDE81EFF2FE19B
S113852010402DE90140A0E1FE10D1E1C20600EBAC
S1138530BC30D4E1010070E3013AC303013A831370
S113854050008415BC30C4E11040BDE81EFF2FE18B
S113855010402DE9FE10D1E16A0500EB1040BDE8A2
S11385601EFF2FE1F84F2DE9643091E5020A13E371
S113857002B0A0E12400000A083092E5009092E5E0
S1138580000053E30160A0110070A011089089124B
S11385901B00000A04A019E5085019E52A81B0E17E
S11385A00040A013045045120200001A0E0000EA15
S11385B0040058E10B00000A0620A0E10410B5E510
S11385C00700A0E1020600EB010070E3014084E231
S11385D0F6FFFF1A0030A0E308308BE504308BE58A
S11385E0F84FBDE81EFF2FE108309BE503A0CAE366
S11385F00A3043E0000053E308308BE5089089E239
S1138600E3FFFF1A0000A0E3F1FFFFEAF4F5FFEB3C
S1138610EFFFFFEA083092E5000053E3D0FFFF1AB2
S1138620043082E50300A0E11EFF2FE1F04F2DE9A5
S11386300350A0E1B4D04DE2003050E214308DE597
S113864001A0A0E10290A0E118508DE50200000A0B
S1138650383093E5000053E3CF00000A64309AE514
S1138660010013E3FC30DAE10318A0E1A700001ACB
S1138670020411E32118A0E1A000000A020A11E398
S11386800600001A64209AE5023A83E3022AC2E350
S1138690BC30CAE164208AE50338A0E12318A0E1D4
S11386A0080011E3A000000A10309AE5000053E32B
S11386B09D00000A1A3001E20A0053E3A300000AF5
S11386C00030A0E370808DE208B0A0E12C308DE58D
S11386D008308DE544308DE540308DE53C808DE5F6
S11386E00CA08DE50030D9E5000053E325005313B9
S11386F00940A0E11300000A0130F4E5000053E34F
S113870025005313FBFFFF1A095054E00D00000A23
S113871040309DE544209DE5013083E2070053E3AA
S1138720022085E000908BE504508BE540308DE518
S113873044208DE508B08BD2760000CA08309DE550
S1138740053083E008308DE50030D4E5000053E3C4
S11387502F04000A0010A0E30030A0E300A0E0E32F
S11387603730CDE5019084E20130D4E501C0A0E1C9
S11387700100A0E10150A0E10A70A0E101E0A0E342
S11387802B40A0E32060A0E3019089E2202043E293
S1138790580052E302F19F97200200EA0C90000077
S11387A02090000020900000E88F0000209000003E
S11387B020900000209000002090000020900000F5
S11387C020900000A4890000F48D00002090000097
S11387D0C08900008C8D000020900000048E0000F1
S11387E0108E0000108E0000108E0000108E00000D
S11387F0108E0000108E0000108E0000108E0000FD
S1138800108E0000209000002090000020900000B6
S11388102090000020900000209000002090000094
S1138820209000002090000020900000348E000072
S11388302090000020900000209000002090000074
S11388402090000020900000209000002090000064
S11388502090000020900000C88C000020900000B0
S11388602090000020900000209000002090000044
S1138870D48C00002090000020900000388F00006D
S11388802090000020900000209000002090000024
S11388902090000020900000209000002090000014
S11388A02090000020900000AC8F0000288F000072
S11388B0209000002090000020900000CC8D00004B
S11388C0288F00002090000020900000D88D000028
S11388D020900000EC8E00008C8C0000E08C0000E6
S11388E01C8D000020900000288D000020900000C6
S11388F0CC8900002090000020900000F48F00003C
S113890058008AE2560B00EBFC30DAE10318A0E1D0
S11389102118A0E158FFFFEA000052E31403001AF3
S113892040208DE508B0A0E183FFFFEA0A10A0E132
S113893014009DE549EBFFEB000050E3F602001A3A
S1138940BC10DAE11A3001E20A0053E35BFFFF1ABC
S1138950FE30DAE1000053E358FFFFBA64309AE5D1
S1138960010013E30200001A020C11E358008A020A
S1138970390B000B0530A0E10920A0E10A10A0E1A9
S113898014009DE5F30300EB08008DE508009DE568
S1138990B4D08DE2F04FBDE81EFF2FE161F3FFEB91
S11389A02DFFFFEA18309DE5000093E5043083E2D3
S11389B0000050E318308DE5010000AA000060E2D9
S11389C0045085E30030D9E56EFFFFEA1C008DE515
S11389D0200015E32B03001A18209DE5100015E371
S11389E00230A0E1F002001A400015E3EE02000A92
S11389F00130A0E30070A0E3B060D2E1042082E281
S1138A0018208DE50020A0E30040A0E33720CDE549
S1138A1001007AE31E01000A072086E1000052E308
S1138A2000005A038020C5E304208DE59802001A53
S1138A30000053E39202001A013015E210308DE574
S1138A4024808D053030A013B0208D124130621582
S1138A5024208D1510309DE503005AE10A70A0A171
S1138A600370A0B1000054E30170871204309DE547
S1138A70023013E220308DE504309DE50270871248
S1138A80846013E28D01001A1C309DE5074043E029
S1138A90000054E3890100DA100054E3780300DA9B
S1138AA00BE0A0E11050A0E307B0A0E10130A0E387
S1138AB044209DE540C09DE514709DE5050000EA55
S1138AC002108CE200C0A0E108E08EE2104044E213
S1138AD0100054E30F0000DA01008CE2381E9FE519
S1138AE0102082E2070050E344208DE522008EE846
S1138AF040008DE5F1FFFFDA000052E35B01001A4C
S1138B00104044E2100054E306C0A0E10310A0E1C9
S1138B1008E0A0E1EFFFFFCA0B70A0E10EB0A0E1F6
S1138B20F43D9FE5070051E3022084E018008BE840
S1138B3044208DE540108DE508B08BD2010081D230
S1138B40610100DA000052E35501001A3710DDE537
S1138B50000051E3FB02000A0120A0E308B0A0E1F9
S1138B600200A0E137108DE274208DE570108DE5D0
S1138B700010A0E108B08BE2010080E220309DE506
S1138B80000053E36A01000A0210A0E338308DE2CA
S1138B90012082E0070050E344208DE540008DE58C
S1138BA004108BE500308BE55E0100DA000052E32F
S1138BB09202001A800056E30100A0E30010A0E333
S1138BC008B0A0E15C01001A1C309DE5074043E0B9
S1138BD0000054E3580100DA100054E33B0300DAC8
S1138BE00BE0A0E11050A0E307B0A0E10160A0E316
S1138BF00470A0E114409DE5050000EA02C081E292
S1138C000010A0E108E08EE2107047E2100057E384
S1138C100F0000DA010081E2003D9FE5102082E2AE
S1138C20070050E344208DE528008EE840008DE5E0
S1138C30F1FFFFDA000052E30602001A107047E267
S1138C40100057E306C0A0E10010A0E308E0A0E193
S1138C50EFFFFFCA0740A0E10B70A0E10EB0A0E156
S1138C60B83C9FE5042082E007005CE344208DE5E6
S1138C7018008BE840C08DE56B0200CA08B08BE297
S1138C8001008CE20C10A0E12B0100EA1C008DE530
S1138C90200015E38302001A18209DE5100015E357
S1138CA00230A0E13A02001A400015E33802000A3B
S1138CB0B060D2E1042082E20030A0E318208DE508
S1138CC00070A0E34EFFFFEA1C008DE5105085E321
S1138CD0EEFFFFEA1C008DE5105085E33BFFFFEA41
S1138CE07830A0E33020A0E318109DE53930CDE5BD
S1138CF0043081E218308DE5243C9FE51C008DE5AD
S1138D002C308DE5006091E5025085E33820CDE5F7
S1138D100070A0E30230A0E339FFFFEA205085E3AE
S1138D200030D9E597FEFFEA18309DE5002093E571
S1138D3024208DE5000052E30020A0E31C008DE513
S1138D403720CDE5044083E2D102000A01007AE332
S1138D50B802000A24609DE50A20A0E10010A0E307
S1138D600600A0E1EAF7FFEB000050E3D102000A9D
S1138D70063040E018408DE510308DE504508DE557
S1138D803740DDE500A0A0E331FFFFEA0030D9E57C
S1138D902A0053E301A089E2D502000A302043E20D
S1138DA0090052E30A90A0E100A0A0E376FEFF8A46
S1138DB00130D9E40AA18AE08AA082E0302043E2AB
S1138DC0090052E3F9FFFF9A6FFEFFEA405085E382
S1138DD00030D9E56BFEFFEA0030D9E56C0053E3BF
S1138DE00130D90520508503019089021050851364
S1138DF064FEFFEA0030D9E50E10A0E104C0A0E152
S1138E0060FEFFEA805085E30030D9E55DFEFFEAAD
S1138E100000A0E3302043E20130D9E4000180E007
S1138E20800082E0302043E2090052E3F9FFFF9A18
S1138E3055FEFFEA000051E31C008DE537C0CD1557
S1138E40105085E3200015E3FF01001A100015E31C
S1138E505A02001A400015E34102000A18309DE549
S1138E60F060D3E1043083E2C67FA0E118308DE5E1
S1138E700620A0E10730A0E1000052E30030D3E275
S1138E80290200BA01007AE33740DDE50130A0E3AE
S1138E90E0FEFF1A010053E38001000A020053E3DD
S1138EA00810A0115301001A0820A0E12CC09DE570
S1138EB02632A0E1073E83E12702A0E10F1006E27B
S1138EC00070A0E10360A0E10130DCE7071096E147
S1138ED0013062E5F5FFFF1A023048E024208DE5F9
S1138EE004508DE510308DE5D9FEFFEA000051E312
S1138EF037C0CD15200015E33D02001A100015E31C
S1138F005300001A400015E35100000A18209DE5A3
S1138F10003092E5042082E218208DE5B820DDE1DE
S1138F20B020C3E1EEFDFFEA000051E31C008DE533
S1138F3037C0CD15C2FFFFEAE8299FE5000051E3E1
S1138F401C008DE537C0CD152C208DE5200015E3E0
S1138F5018209DE5C501001A100015E31A02001A35
S1138F60400015E30070A0130070A003B060D2119C
S1138F7000609205042082120420820218208D15BC
S1138F8018208D05010015E36E01000A072096E103
S1138F906C01000A3020A0E33930CDE5025085E3AE
S1138FA03820CDE50230A0E395FEFFEA0170A0E38E
S1138FB00010A0E318209DE5003092E54830CDE58F
S1138FC0043082E218308DE548308DE21C008DE5D6
S1138FD03710CDE510708DE524308DE504508DE516
S1138FE000A0A0E3A0FEFFEA015085E30030D9E52C
S1138FF0E4FDFFEA28299FE5000051E31C008DE50C
S113900037C0CD152C208DE5CFFFFFEA00005CE3CF
S11390100030D9E50E10A00106C0A001D9FDFFEA79
S1139020000051E337C0CD15000053E31C008DE56B
S1139030F701000A4830CDE50030A0E30170A0E359
S11390403730CDE548308DE210708DE524308DE564
S1139050E1FFFFEA18209DE5003092E5042082E25A
S113906018208DE508209DE5002083E59CFDFFEA9E
S11390703C208DE20C109DE50700A0E128308DE531
S113908037FDFFEB000050E31401001A40C09DE5DA
S113909008E0A0E144209DE501108CE228309DE524
S11390A089FEFFEA3C208DE20C109DE514009DE54D
S11390B02BFDFFEB000050E30801001A08B0A0E10B
S11390C040108DE2060091E8010081E237C0DDE541
S11390D000005CE3A8FEFF0A0110A0E337C08DE2A4
S11390E0012082E0070050E344208DE540008DE537
S11390F004108BE500C08BE59CFEFFDA000052E310
S11391003301001A20309DE5000053E3A8FEFF0A56
S11391100220A0E30100A0E108B0A0E138308DE214
S113912074208DE570308DE50010A0E108B08BE26D
S1139130010080E2800056E3A2FEFF0A10309DE5A4
S113914003A04AE000005AE3570000DA10005AE393
S1139150190000DA1040A0E314509DE50C609DE571
S1139160050000EA020081E20310A0E108B08BE2EE
S113917010A04AE210005AE30F0000DA013081E245
S113918098079FE5102082E2070053E344208DE511
S113919011008BE840308DE5F1FFFFDA000052E367
S11391A02C00001A10A04AE210005AE30100A0E3C8
S11391B00010A0E308B0A0E1EFFFFFCA5C379FE511
S11391C0070050E30A2082E008048BE840008DE5A4
S11391D044208DE508B08BD2010080D2320000DA41
S11391E0000052E32600001A0130A0E308B0A0E119
S11391F010209DE524109DE574208DE544208DE527
S113920070108DE540308DE508B08BE204309DE5AB
S1139210040013E30300000A1C309DE5074043E00B
S1139220000054E3330000CA08309DE51C109DE59E
S1139230070051E1013083A0073083B0000052E3FE
S113924008308DE59F00001A0030A0E308B0A0E1CB
S113925040308DE522FDFFEA3C208DE20610A0E1BE
S11392600500A0E1BEFCFFEB000050E3F400001A8F
S113927040108DE2060091E808B0A0E1010081E20F
S1139280BAFFFFEA3C208DE20C109DE514009DE539
S1139290B3FCFFEB000050E39000001A08B0A0E11B
S11392A040008DE2050090E8010080E210309DE569
S11392B024109DE5022083E0070050E344208DE55F
S11392C00A008BE840008DE5CEFFFFDA000052E390
S11392D09E00001A04309DE5040013E340208DE550
S11392E03100000A1C309DE5074043E0000054E3D0
S11392F008B0A0C12C0000DA100054E340009DD552
S1139300010080D21F0000DA0BC0A0E11050A0E3DE
S113931004B0A0E10160A0E340109DE514A09DE528
S11393200C409DE5050000EA020081E20310A0E183
S113933008C08CE210B04BE210005BE30F0000DACF
S1139340013081E2D0059FE5102082E2070053E35B
S113935044208DE521008CE840308DE5F1FFFFDAF3
S1139360000052E31700001A10B04BE210005BE358
S11393700600A0E10010A0E308C0A0E1EFFFFFCACF
S11393800B40A0E10CB0A0E18C359FE5042082E005
S1139390070050E344208DE518008BE840008DE57C
S11393A0A0FFFFDA000052E3F500001A08309DE543
S11393B01C209DE5070052E1023083A0073083B0F2
S11393C008308DE59FFFFFEA3C208DE20410A0E108
S11393D00A00A0E162FCFFEB000050E31301001A55
S11393E040108DE2060091E808C0A0E1010081E28E
S11393F0CFFFFFEA0210A0E1A621A0E1872E82E1BF
S1139400A701A0E1073006E20070A0E10260A0E13C
S1139410303083E2072096E1013041E5012041E24A
S1139420F3FFFF1A300053E30030A00301300512AC
S1139430000053E3E900000A3030A0E3021041E2E7
S113944024108DE5011048E004508DE510108DE5E1
S1139450013042E57EFDFFEA3C208DE20C109DE5E3
S11394600400A0E13EFCFFEB000050E31B00001AE7
S113947040108DE2060091E808E0A0E101C081E21D
S1139480E0FDFFEA0030A0E324808DE510308DE597
S11394906FFDFFEA010053E30250A0E17EFEFF1AD4
S11394A0000057E3090056038600008AB0208DE2CD
S11394B0306086E2416062E504508DE510308DE550
S11394C024208DE562FDFFEA3C208DE20C109DE531
S11394D014009DE522FCFFEB000050E359FFFF0A56
S11394E00CA09DE564309AE5010013E3BC30DAE199
S11394F00100001A020C13E33100000A400013E3D8
S113950021FDFF0A0030E0E308308DE508009DE509
S1139510B4D08DE2F04FBDE81EFF2FE164309AE530
S1139520010013E3F6FFFF1ABC30DAE1020C13E387
S1139530F3FFFF1A58008AE2470800EB0030E0E32B
S113954008308DE510FDFFEA0230A0E32CFDFFEAB0
S11395503C208DE20C109DE514009DE500FCFFEB22
S1139560000050E3DDFFFF1A08B0A0E144209DE5B0
S113957025FFFFEA3C208DE20C109DE514009DE5DB
S1139580F7FBFFEB000050E3D4FFFF1A08B0A0E1A3
S113959069FCFFEA042082E2006093E50070A0E326
S11395A00030A0E318208DE515FDFFEA042082E2D7
S11395B0006093E50070A0E30130A0E318208DE57E
S11395C00FFDFFEA58008AE2230800EBBC30DAE121
S11395D0C9FFFFEA3C208DE20C109DE514009DE5D7
S11395E0DFFBFFEB000050E3BCFFFF1A40108DE2ED
S11395F0060091E808B0A0E1010081E25EFDFFEA07
S11396003C208DE20C109DE514009DE5D4FBFFEB9E
S1139610000050E3B1FFFF1A40108DE2060091E80C
S113962008B0A0E1010081E2C1FEFFEA000052E3BC
S11396308800001A0100A0E30010A0E308B0A0E134
S1139640BDFEFFEA06A0A0E1A5FFFFEA18309DE5F4
S1139650073083E20710C3E30C0091E8081081E2AD
S113966018108DE50260A0E10370A0E101FEFFEA9D
S1139670072082E20720C2E3081082E218108DE579
S1139680C00092E83EFEFFEA18309DE5073083E211
S11396900730C3E3082083E2C00093E818208DE577
S11396A00130A0E3D6FCFFEA18309DE5073083E2E1
S11396B00730C3E3082083E2C00093E818208DE557
S11396C00030A0E3CEFCFFEA04408DE50840A0E1B1
S11396D00600A0E10710A0E10A20A0E30030A0E307
S11396E0740700EB302082E2012064E50600A0E16B
S11396F00710A0E10030A0E30A20A0E36D0700EB0F
S11397000060A0E10170A0E1073096E1EFFFFF1ACD
S11397100430A0E1033048E024408DE510308DE5AD
S113972004409DE504508DE5C9FCFFEA2D30A0E31B
S1139730006076E23730CDE50340A0E10070E7E257
S11397400130A0E3B1FCFFEA20309DE5000053E3C3
S11397501300001A0010A0E30100A0E308B0A0E188
S113976075FEFFEA18109DE5006091E5041081E2A2
S1139770C67FA0E10620A0E10730A0E118108DE526
S1139780BCFDFFEA3C208DE20C109DE514009DE534
S113979073FBFFEB000050E350FFFF1A44209DE5EC
S11397A0A0FEFFEA0220A0E338308DE274208DE5AC
S11397B070308DE50100A0E308B0A0E159FEFFEA96
S11397C018309DE5006093E5A5FDFFEA006092E591
S11397D0042082E218208DE50070A0E3E8FDFFEA92
S11397E0023048E004508DE510308DE524208DE5ED
S11397F097FCFFEA18309DE508209DE5001093E5ED
S1139800043083E218308DE5C23FA0E10C0081E80A
S1139810B3FBFFEA44309DE5000053E30CA09DE553
S11398202C00001A0030A0E340308DE52CFFFFEA45
S113983004A0A0E12AFFFFEA24009DE518408DE57D
S113984004508DE5B2DEFFEB00A0A0E310008DE52F
S11398503740DDE57EFCFFEA3C208DE20C109DE5FF
S113986014009DE53EFBFFEB000050E31BFFFF1AD5
S113987040108DE2060091E808B0A0E1010081E209
S11398802DFEFFEA40108DE2060091E8011081E20E
S1139890A2FCFFEA06005AE30A30A0310630A023F6
S11398A010308DE50370A0E17C309FE518408DE514
S11398B024308DE5C8FDFFEA10A08DE518408DE544
S11398C004508DE500A0A0E33740DDE560FCFFEA2D
S11398D000C0A0E1E1FCFFEA14009DE53C208DE21C
S11398E00A10A0E11EFBFFEB000050E3CCFFFF0ACF
S11398F0FBFEFFEA18209DE504A08DE500A092E59B
S1139900042082E207005AE10130D9E507A0A0B1A2
S113991004909DE518208DE59AFBFFEAF0C1000054
S113992000C2000094C0000080C00000A8C0000075
S113993070402DE90150A0E10260A0E10040A0E1E7
S1139940A2F2FFEB0630A0E10520A0E10410A0E1A3
S11399507040BDE834FBFFEAF0412DE90140A0E18D
S113996001CBA0E300E0A0E30260A0E10070A0E16D
S11399700380A0E146DE4DE2BE30D4E108D04DE2E2
S1139980BC10D1E1BE30CDE1643094E51C2094E5F7
S11399900210C1E364308DE5243094E5BC10CDE1C0
S11399A058008DE268108DE208C08DE514C08DE585
S11399B01C208DE524308DE518E08DE500108DE543
S11399C010108DE5200700EB0620A0E10830A0E18F
S11399D00D10A0E10700A0E113FBFFEB006050E2D3
S11399E0040000BA0D10A0E10700A0E1B7EEFFEB00
S11399F0000050E30060E013BC30DDE1400013E3FD
S1139A00BC30D41140308313BC30C41158008DE2F3
S1139A100F0700EB0600A0E146DE8DE208D08DE2E0
S1139A20F041BDE81EFF2FE170402DE901E0A0E107
S1139A3000C0A0E330409FE50210A0E10050A0E187
S1139A400320A0E10E00A0E100C084E5EB0700EBD9
S1139A50010070E30200001A003094E5000053E3B3
S1139A60003085157040BDE81EFF2FE1FCCD0000DD
S1139A7010402DE9920101E0D1F2FFEB004050E2E9
S1139A801800000A042014E50320C2E3042042E283
S1139A90240052E31600008A130052E30420A0912C
S1139AA00C00009A0030A0E31B0052E3003084E570
S1139AB0043084E5082084920600009A240052E3CE
S1139AC0083084E50C3084E51030840514308405B6
S1139AD010208412182084020030A0E3003082E5B4
S1139AE0043082E5083082E50400A0E11040BDE8BE
S1139AF01EFF2FE10010A0E360F5FFEB0400A0E1DE
S1139B001040BDE81EFF2FE10030A0E370402DE9B6
S1139B1028409FE50050A0E10100A0E1003084E569
S1139B20030700EB010070E30200001A003094E523
S1139B30000053E3003085157040BDE81EFF2FE19F
S1139B40FCCD0000F0412DE9004051E23B00000A49
S1139B50000050E30060A0E10200000A383090E504
S1139B60000053E33900000A643094E5010013E374
S1139B702F00001ABC30D4E1020C13E33C00000AAD
S1139B80587084E20410A0E10600A0E1C0EDFFEBF0
S1139B902C3094E5000053E30050A0E10500000AD6
S1139BA01C1094E50600A0E10FE0A0E113FF2FE1F3
S1139BB0000050E30050E0B3BC30D4E1800013E374
S1139BC02400001A301094E5000051E30500000A57
S1139BD0403084E2030051E10600A011C8EFFF1BEE
S1139BE00030A0E3303084E5441094E5000051E3F4
S1139BF00300000A0600A0E1C1EFFFEB0030A0E380
S1139C00443084E534EFFFEB0030A0E3642094E5B6
S1139C10010012E3BC30C4E11200000A0700A0E115
S1139C208B0600EB32EFFFEB0500A0E1F041BDE84D
S1139C301EFF2FE1FC30D4E1000053E3CFFFFF1AF5
S1139C400050A0E30500A0E1F041BDE81EFF2FE1B4
S1139C50B4EEFFEBC3FFFFEA101094E50600A0E1A9
S1139C60A7EFFFEBD6FFFFEA0700A0E17A0600EBBF
S1139C70E9FFFFEA587084E20700A0E1780600EBF0
S1139C80FC30D4E1000053E3BDFFFF1A645094E5B7
S1139C90015015E2E9FFFF1A0700A0E16E0600EB90
S1139CA00500A0E1F041BDE81EFF2FE110402DE9C1
S1139CB00040A0E1C5F1FFEB0410A0E11040BDE8B5
S1139CC09FFFFFEAF0432DE90CD04DE20080A0E1B4
S1139CD00170A0E10240A0E1BD0000EB010050E3EF
S1139CE03000000A5C3084E20720A0E104108DE219
S1139CF00800A0E1420200EB010070E30060A0E173
S1139D002200000A000050E30410DD152C00000AB4
S1139D100050A0E304908DE2070000EA003094E5CF
S1139D20012083E2002084E50010C3E5015085E2B0
S1139D30050056E12200009A0910D5E7083094E5A1
S1139D40013043E2000053E3083084E5F2FFFFAA48
S1139D50182094E5020053E10030A0B30130A0A321
S1139D600A0051E30030A003000053E3EAFFFF1AA6
S1139D700420A0E10800A0E1CC0100EB010070E3A5
S1139D80E9FFFF1A0CD08DE2F043BDE81EFF2FE17E
S1139D90BC30D4E1403083E3BC30C4E10CD08DE26C
S1139DA0F043BDE81EFF2FE1013047E2FE0053E31C
S1139DB0CBFFFF8AFF1007E20060A0E10410CDE5AD
S1139DC0D2FFFFEA0700A0E10CD08DE2F043BDE82A
S1139DD01EFF2FE130402DE9643092E50240A0E1FE
S1139DE0FC20D2E1010013E30238A0E10CD04DE2E3
S1139DF00050A0E12338A0110200001A020413E36A
S1139E002338A0E11900000A020A13E36430940520
S1139E10022A8203023A8303BC20C401643084050D
S1139E200500A0E10420A0E1A5FFFFEB643094E568
S1139E30010013E30050A0E10200001ABC30D4E199
S1139E40020C13E30300000A0500A0E10CD08DE22C
S1139E503040BDE81EFF2FE1580084E2FE0500EB10
S1139E600500A0E10CD08DE23040BDE81EFF2FE1DB
S1139E70580084E204108DE5F90500EBFC20D4E1E0
S1139E800238A0E12338A0E104109DE5DDFFFFEADC
S1139E9070402DE90050A0E10160A0E14BF1FFEB1F
S1139EA0004050E20200000A383094E5000053E319
S1139EB01CEEFF0B0620A0E10510A0E10400A0E1C8
S1139EC07040BDE8C2FFFFEA01C0A0E10030A0E39A
S1139ED070402DE92C409FE50050A0E10210A0E164
S1139EE00C00A0E1003084E53D0600EB010070E3C6
S1139EF00200001A003094E5000053E30030851599
S1139F007040BDE81EFF2FE1FCCD00000030A0E34F
S1139F1070402DE928409FE50050A0E10100A0E138
S1139F20003084E54E0600EB010070E30200001AE5
S1139F30003094E5000053E3003085157040BDE81F
S1139F401EFF2FE1FCCD000010402DE91FF1FFEBB7
S1139F50340090E50C309FE5000050E30300A001BD
S1139F601040BDE81EFF2FE118CC000010402DE981
S1139F70004052E20400000A48109FE50400A0E1FA
S1139F80C10000EB000050E30200001A38009FE516
S1139F901040BDE81EFF2FE12C109FE50400A0E156
S1139FA0B90000EB000050E3F7FFFF0A0400A0E152
S1139FB018109FE5B40000EB000050E3F2FFFF0A25
S1139FC00000A0E3F1FFFFEA14C2000010C2000089
S1139FD090C0000010402DE9FCF0FFEB343090E518
S1139FE010209FE5000053E30230A0011040BDE8BB
S1139FF02801D3E51EFF2FE118CC0000EC0090E50A
S113A0001EFF2FE110402DE9F0F0FFEBCDFFFFEB39
S113A0101040BDE8EC0090E51EFF2FE170402DE9F3
S113A0200150A0E10040A0E1E8F0FFEB0520A0E131
S113A0300410A0E17040BDE8CBFFFFEA70402DE9B9
S113A04001E0A0E100C0A0E330409FE50210A0E1E0
S113A0500050A0E10320A0E10E00A0E100C084E5CF
S113A060130600EB010070E30200001A003094E5CF
S113A070000053E3003085157040BDE81EFF2FE15A
S113A080FCCD0000F0412DE918809DE50370A0E1AE
S113A0900040A0E10150A0E10260A0E1CBF0FFEBA1
S113A0A034C090E528309FE500005CE303C0A001C4
S113A0B018808DE5E4E09CE50730A0E10620A0E1EE
S113A0C00510A0E10400A0E10EC0A0E1F041BDE84C
S113A0D01CFF2FE118CC0000000051E308D04DE232
S113A0E004108D02000052E30800000A000053E34C
S113A0F00900000A0030D2E5003081E50020D2E5F5
S113A100000092E20100A01308D08DE21EFF2FE1AF
S113A1100200A0E108D08DE21EFF2FE10100E0E380
S113A120F8FFFFEA70402DE901E0A0E100C0A0E3E0
S113A13030409FE50210A0E10050A0E10320A0E11F
S113A1400E00A0E100C084E5140600EB010070E3FA
S113A1500200001A003094E5000053E30030851536
S113A1607040BDE81EFF2FE1FCCD000070402DE9DA
S113A1700140A0E1001091E5000051E30050A0E18E
S113A180F9FFFF1B0410A0E10500A0E15CEEFFEB6A
S113A1907040BDE81EFF2FE1E8309FE5003093E5F5
S113A1A0000053E11EFF2F014C3090E5000053E303
S113A1B070402DE90050A0E10F00000A0060A0E308
S113A1C0061093E7000051E30500000A004091E502
S113A1D00500A0E14AEEFFEB001054E2FAFFFF1A7B
S113A1E04C3095E5046086E2800056E3F3FFFF1AE5
S113A1F00310A0E10500A0E141EEFFEB401095E55E
S113A200000051E30500A0113DEEFF1B481195E548
S113A210000051E30800000A536F85E2060051E193
S113A2200500000A004091E50500A0E134EEFFEBD3
S113A230040056E10410A0E1F9FFFF1A541095E55B
S113A240000051E30500A0112DEEFF1B383095E509
S113A250000053E30100001A7040BDE81EFF2FE127
S113A2603C3095E50500A0E10FE0A0E113FF2FE1EC
S113A270E01295E5000051E3F6FFFF0A0500A0E1B6
S113A2807040BDE8B8FFFFEAD8C3000001C020E079
S113A29003001CE32100001A03C010E20300C0E322
S113A2A00310C1E3042090E4043091040600000A82
S113A2B003C02CE2FF34E0E38CC1A0E133CCA0E185
S113A2C0043091E40C2082E10C3083E104402DE55C
S113A2D00140A0E3044484E1044884E104C042E072
S113A2E0030052E102C0CC0184031C010420900449
S113A2F004309104F8FFFF0A020CA0E12224A0E13B
S113A300010050E3030C50212334A001F9FFFF0A9C
S113A310FF3003E2200C63E004409DE41EFF2FE1C4
S113A320030010E30600000A0120D0E40130D1E468
S113A330010052E303005221F8FFFF0A030042E048
S113A3401EFF2FE130002DE90140A0E3044484E125
S113A350044884E1042090E4035001E20310C1E3C3
S113A360043091E4020055E31700000A2D00008A2E
S113A370FF54C2E3230455E104C042E002C0CCE12F
S113A3800700001A84C31CE0043091040600001A7C
S113A390025025E0030C55E10800001A042090E463
S113A3A0F2FFFFEA2334A0E1360000EAFFC4DCE355
S113A3B03100001A0030D1E5225CA0E1310000EA4E
S113A3C0225CA0E1FF3003E22E0000EA0258A0E183
S113A3D004C042E02558A0E102C0CCE1230855E1C5
S113A3E00E00001A84C31CE0043091040400001A17
S113A3F0025025E0030855E10600001A042090E409
S113A400F1FFFFEA0CC8B0E11B00001AB030D1E143
S113A4102258A0E11B0000EA0338A0E12258A0E181
S113A4202338A0E1170000EAFF5002E2230C55E1B3
S113A43004C042E002C0CCE10700001A84C31CE05F
S113A440043091040600001A025025E0030455E18B
S113A4500600001A042090E4F2FFFFEA233CA0E186
S113A460080000EAFF0012E30300000A043091E44C
S113A4702254A0E1FF34C3E3020000EA0000A0E399
S113A4803000BDE81EFF2FE1FF2005E2FF0003E2DC
S113A490010050E3020050212554A0012334A001FF
S113A4A0F8FFFF0A000042E03000BDE81EFF2FE184
S113A4B0F0412DE9006050E20150A0E10240A0E12A
S113A4C00200000A383096E5000053E34200000A17
S113A4D0FC10D4E1180094E50138A0E1020713E36D
S113A4E02328A0E1080084E52200000A103094E546
S113A4F0000053E31F00000A020A12E364209405DB
S113A500022AC203021A810364208405002094E510
S113A510BC10C401141094E5033042E0FF5005E27E
S113A520010053E10570A0E1013083B2220000AACA
S113A530081094E5010082E2011041E2081084E56C
S113A540000084E50050C2E5142094E5030052E1C4
S113A5501200000ABC30D4E10A0055E30050A013F5
S113A56001500302000055E30C00001A0700A0E1AB
S113A570F041BDE81EFF2FE10410A0E10600A0E1B8
S113A58036E4FFEB000050E30900001AFC10D4E1AC
S113A5900128A0E1103094E52228A0E1D5FFFFEACC
S113A5A00410A0E10600A0E1C8EBFFEB000050E3BB
S113A5B0EDFFFF0A0070E0E3EBFFFFEA0410A0E107
S113A5C00600A0E1C1EBFFEB000050E3F8FFFF1A27
S113A5D00130A0E3002094E5D4FFFFEA51ECFFEB47
S113A5E0BAFFFFEA70402DE90150A0E10040A0E16C
S113A5F076EFFFEB0520A0E10410A0E17040BDE878
S113A600AAFFFFEAF0402DE9006051E214D04DE2C8
S113A6100040A0E10350A0E11400000A0270A0E190
S113A6206AEFFFEB343090E574209FE5000053E3BC
S113A6300230A0010610A0E10720A0E1E06093E54C
S113A6400400A0E10530A0E10FE0A0E116FF2FE136
S113A650010070E30020A0038A30A00300208505D8
S113A6600030840514D08DE2F040BDE81EFF2FE1D8
S113A67056EFFFEB343090E524209FE5000053E3D0
S113A6800230A00104108DE20620A0E10400A0E144
S113A690E06093E50530A0E10FE0A0E116FF2FE1B3
S113A6A0EAFFFFEA18CC0000F0402DE90040A0E1E9
S113A6B014D04DE20170A0E10260A0E143EFFFEB92
S113A6C0000054E30050A0E11300000A3FEFFFEB49
S113A6D0343090E574209FE5000053E30230A0017C
S113A6E00410A0E10720A0E1E04093E50500A0E10B
S113A6F00630A0E10FE0A0E114FF2FE1010070E3B8
S113A7000020A0038A30A0030020860500308505C0
S113A71014D08DE2F040BDE81EFF2FE12BEFFFEBDC
S113A720343090E524209FE5000053E30230A0017B
S113A73004108DE20420A0E10500A0E1E04093E5CF
S113A7400630A0E10FE0A0E114FF2FE1EAFFFFEAE9
S113A75018CC0000F0412DE90370A0E10040A0E115
S113A7600150A0E10260A0E118EFFFEB34C090E5D6
S113A77024309FE500005CE303C0A001E0E09CE519
S113A7800730A0E10620A0E10510A0E10400A0E14B
S113A7900EC0A0E1F041BDE81CFF2FE118CC000081
S113A7A0000051E30500000AFF0052E38A30A08351
S113A7B00020C1950010E0830110A0930030808533
S113A7C00100A0E11EFF2FE1012051E21EFF2F0135
S113A7D03600003A010050E12200009A020011E123
S113A7E02300000A0E0211E38111A0010830A00326
S113A7F00130A013010251E3000051310112A031D4
S113A8000332A031FAFFFF3A020151E30000513153
S113A8108110A0318330A031FAFFFF3A0020A0E379
S113A820010050E10100402003208221A10050E1F9
S113A830A1004020A3208221210150E121014020D8
S113A84023218221A10150E1A1014020A3218221E1
S113A850000050E32332B0112112A011EFFFFF1AC0
S113A8600200A0E11EFF2FE10100A0030000A013DD
S113A8701EFF2FE1010851E32118A0211020A0237D
S113A8800020A033010C51E32114A02108208222CE
S113A890100051E32112A02104208222040051E37C
S113A8A003208282A12082903002A0E11EFF2FE1CA
S113A8B0000050E30000E013590000EA000051E3F7
S113A8C0FAFFFF0A03402DE9BEFFFFEB0640BDE897
S113A8D0920003E0031041E01EFF2FE1000051E36A
S113A8E04300000A01C020E000106142012051E24F
S113A8F02700000A0030B0E100306042010053E15B
S113A9002600009A020011E12800000A0E0211E359
S113A9108111A0010820A0030120A013010251E32A
S113A920030051310112A0310222A031FAFFFF3A93
S113A930020151E3030051318110A0318220A03182
S113A940FAFFFF3A0000A0E3010053E10130432085
S113A95002008021A10053E1A1304320A200802104
S113A960210153E12131432022018021A10153E13E
S113A970A1314320A2018021000053E32222B0111F
S113A9802112A011EFFFFF1A00005CE300006042F7
S113A9901EFF2FE100003CE1000060421EFF2FE19A
S113A9A00000A033CC0FA001010080031EFF2FE1A3
S113A9B0010851E32118A0211020A0230020A03376
S113A9C0010C51E32114A02108208222100051E33C
S113A9D02112A02104208222040051E30320828258
S113A9E0A120829000005CE33302A0E100006042F9
S113A9F01EFF2FE1000050E30201E0C30201A0B3F7
S113AA00070000EA000051E3F9FFFF0A03402DE9C3
S113AA10B3FFFFEB0640BDE8920003E0031041E002
S113AA201EFF2FE11EFF2FE1021121E2000000EAC8
S113AA30023123E230402DE98140A0E18350A0E1BE
S113AA40050034E10200300100C0941102C09511E8
S113AA50C4CAF011C5CAF0118C00000AA44AA0E1CE
S113AA60A55A74E0005065B2060000DA054084E09F
S113AA70022020E0033021E0000022E0011023E066
S113AA80022020E0033021E0360055E33040BD8849
S113AA901EFF2F81020111E30116A0E101C6A0E30C
S113AAA021168CE10100000A000070E20010E1E2CE
S113AAB0020113E30336A0E123368CE10100000A0E
S113AAC0002072E20030E3E2050034E16900000A8C
S113AAD0014044E220E075E2050000BA12CEA0E194
S113AAE0320590E00010A1E2130E90E05315B1E09E
S113AAF0060000EA205045E220E08EE2010052E325
S113AB0013CEA0E102C08C23530590E0C31FB1E033
S113AB10025101E20200005A00C07CE20000F0E2AF
S113AB200010E1E2010651E30F00003A020651E38E
S113AB300600003AA110B0E16000B0E16CC0A0E1F1
S113AB40014084E2842AA0E1010572E36B00002A3B
S113AB5002015CE3A0C0B0010000B0E2041AA1E06D
S113AB60051081E13040BDE81EFF2FE18CC0B0E14B
S113AB700000B0E00110A1E0010611E3014044E24D
S113AB80F2FFFF1A000031E31430A0133430A003A5
S113AB900010A0010000A0030120A0E1010852E37D
S113ABA02228A02110304322010C52E32224A021A8
S113ABB008304322100052E32222A0210430432211
S113ABC0040052E302304322A2304330A23143E076
S113ABD0202053E2070000AA0C2092E2040000DACD
S113ABE014C082E20C2062E2110CA0E13112A0E157
S113ABF0040000EA142082E220C062D21112A0E113
S113AC00301C81D11002A0D1034054E0041A81A069
S113AC10051081A13040BDA81EFF2FA10440E0E132
S113AC201F4054E20F0000AA0C4094E2060000CA40
S113AC30144084E2202064E23004A0E1110280E1A7
S113AC40311485E13040BDE81EFF2FE10C4064E281
S113AC50202064E23002A0E1110480E10510A0E1AB
S113AC603040BDE81EFF2FE13104A0E10510A0E152
S113AC703040BDE81EFF2FE1000034E3013623E23B
S113AC800116210201408402015045128FFFFFEAA0
S113AC90C4CAF0E1C5CAF0111D00000A050034E180
S113ACA0020030010400000A00C094E10310A00176
S113ACB00200A0013040BDE81EFF2FE1030031E196
S113ACC00010A0130000A0133040BD181EFF2F1168
S113ACD0A4CAB0E10400001A8000B0E10110B1E0A0
S113ACE0021181233040BDE81EFF2FE1014594E2AB
S113ACF0011681323040BD381EFF2F31025101E26E
S113AD007F1485E30F1681E30000A0E33040BDE823
S113AD101EFF2FE1C4CAF0E10310A0110200A0112C
S113AD20C5CAF0010130A0110020A011014690E134
S113AD300356920103003101021781133040BDE82C
S113AD401EFF2FE1000030E30010A0031EFF2F01BF
S113AD5030402DE9014BA0E3324084E20050A0E3EF
S113AD600010A0E386FFFFEA000030E30010A00318
S113AD701EFF2F0130402DE9014BA0E3324084E255
S113AD80025110E2000060420010A0E37CFFFFEAE1
S113AD908020B0E1C211A0E16110A0E1020EA0E1A7
S113ADA0FF341212FF0433130E1321121EFF2F114E
S113ADB0000032E3FF0433131EFF2F0130402DE95E
S113ADC00E4DA0E3025101E20211C1E36CFFFFEA60
S113ADD0012090E11EFF2F0130402DE90050A0E337
S113ADE0060000EA012090E11EFF2F0130402DE90A
S113ADF0025111E20100005A000070E20010E1E289
S113AE00014BA0E3324084E221CBB0E144FFFF0ACE
S113AE100320A0E3ACC1B0E103208212ACC1B0E1D5
S113AE2003208212AC2182E0203062E210C3A0E150
S113AE303002A0E1110380E13112A0E1024084E07C
S113AE4037FFFFEA70402DE9FFC0A0E307CC8CE395
S113AE50214A1CE0235A1C100C0034110C0035113B
S113AE607500000B054084E0036021E08C1AC1E109
S113AE708C3AC3E1015690E103569211011681E325
S113AE80013683E31D00000A90C28EE00050A0E367
S113AE9091E2A5E0022106E290E3A5E00060A0E3D0
S113AEA09153A6E000003CE301E08E13FF4044E22E
S113AEB0020C56E3034CC4E20200002A8EE0B0E127
S113AEC00550B5E00660A6E0861582E1A51A81E189
S113AED08505A0E1AE0A80E18EE5A0E1FDC054E263
S113AEE0070C5C831100008A02015EE3A0E0B0015C
S113AEF00000B0E2041AA1E07040BDE81EFF2FE19B
S113AF00026106E2011086E1020080E1031021E003
S113AF10AC4054E00C5074C0041A81C17040BDC8E8
S113AF201EFF2FC1011681E300E0A0E3014054E2BB
S113AF305D0000CA360074E30000A0D3021101D200
S113AF407040BDD81EFF2FD1004064E2204054E27F
S113AF501A0000AA0C4094E20C0000CA144084E2D7
S113AF60205064E21035A0E13004A0E1110580E135
S113AF70022101E20211C1E3A30F90E03114A2E027
S113AF8083E09EE1A30FC0017040BDE81EFF2FE1E6
S113AF900C4064E2205064E21034A0E13005A0E1EA
S113AFA0110480E1021101E2A30F90E00010A1E27C
S113AFB083E09EE1A30FC0017040BDE81EFF2FE1B6
S113AFC0205064E210E58EE13034A0E1113583E1D4
S113AFD03104A0E1021101E23104C0E1A30F80E0D9
S113AFE083E09EE1A30FC0017040BDE81EFF2FE186
S113AFF0000034E30800001A026101E28000B0E1BD
S113B0000110A1E0010611E301404402FAFFFF0A26
S113B010061081E1000035E31EFF2F11026103E2F7
S113B0208220B0E10330A3E0010613E3015045029E
S113B030FAFFFF0A063083E11EFF2FE10C0034E122
S113B040235A0CE00C0035110700000A816090E1DE
S113B05083609211E5FFFF1A031021E0021101E25F
S113B0600000A0E37040BDE81EFF2FE1816090E185
S113B0700200A0010310A001836092111000000AD5
S113B0800C0034E10100001A016690E10C00001A82
S113B0900C0035E10300001A036692E10200A011DE
S113B0A00310A0110600001A031021E0021101E2AE
S113B0B07F1481E30F1681E30000A0E37040BDE834
S113B0C01EFF2FE17F1481E33E1781E37040BDE84A
S113B0D01EFF2FE170402DE9FFC0A0E307CC8CE3F5
S113B0E0214A1CE0235A1C100C0034110C003511A9
S113B0F05E00000B054044E003E021E0035692E1CA
S113B1000116A0E14C00000A0336A0E10152A0E3BD
S113B110233285E1223C83E10224A0E1215285E12E
S113B120205C85E10064A0E102110EE2030055E118
S113B13002005601FD40A4E2034C84E20100002A0F
S113B140A330B0E16220A0E1026056E00350C5E004
S113B150A330B0E16220A0E10106A0E302C7A0E3AE
S113B16002E056E003E0D5E0026046200E50A02144
S113B1700C008021A330B0E16220A0E102E056E09F
S113B18003E0D5E0026046200E50A021AC008021EF
S113B190A330B0E16220A0E102E056E003E0D5E094
S113B1A0026046200E50A0212C018021A330B0E182
S113B1B06220A0E102E056E003E0D5E00260462010
S113B1C00E50A021AC01802106E095E10D00000A9B
S113B1D00552A0E1265E85E10662A0E18331A0E18B
S113B1E0A23E83E18221A0E12CC2B0E1DBFFFF1A81
S113B1F0010611E30600001A001081E10000A0E33B
S113B20002C1A0E3D5FFFFEA010611E300108101AA
S113B2100000A003FDC054E2070C5C8343FFFF8AD7
S113B22003C055E002C05600A0C0B0010000B0E267
S113B230041AA1E07040BDE81EFF2FE102E10EE216
S113B24021168EE1AC4094E00C5074C0041A81C104
S113B2507040BDC81EFF2FC1011681E300E0A0E3CA
S113B260014054E231FFFFEA06E085E12FFFFFEAE7
S113B270235A0CE00C0034E10C00350190FFFF0A66
S113B2800C0034E10600001A014690E18CFFFF1A1D
S113B2900C0035E183FFFF1A0200A0E10310A0E1D6
S113B2A087FFFFEA0C0035E10400001A035692E11F
S113B2B068FFFF0A0200A0E10310A0E180FFFFEA9B
S113B2C0816090E18360921148FFFF1A814090E110
S113B2D074FFFF1A835092E15EFFFF1A78FFFFEAC2
S113B2E000C0E0E3020000EA01C0A0E3000000EABD
S113B2F001C0A0E304C02DE581C0A0E1CCCAF0E107
S113B30083C0A0E1CCCAF0110E00000A04D08DE283
S113B31081C090E183C09201030031110200300129
S113B3200000A0031EFF2F01000070E3030031E1C1
S113B3300300515102005001C30FA021C30FE0319B
S113B340010080E31EFF2FE181C0A0E1CCCAF0E13F
S113B3500100001A01C690E10400001A83C0A0E1B4
S113B360CCCAF0E1E8FFFF1A03C692E1E6FFFF0A48
S113B37004009DE41EFF2FE100C0A0E10200A0E153
S113B3800C20A0E101C0A0E10310A0E10C30A0E179
S113B390FFFFFFEA01402DE9D4FFFFEB000050E37B
S113B3A0000070430140BDE81EFF2FE108E02DE5D9
S113B3B0F7FFFFEB0100A0030000A01308E09DE4E9
S113B3C01EFF2FE108E02DE5F1FFFFEB0100A033A4
S113B3D00000A02308E09DE41EFF2FE108E02DE516
S113B3E0EBFFFFEB0100A0930000A08308E09DE4C5
S113B3F01EFF2FE108E02DE5DEFFFFEB0100A09327
S113B4000000A08308E09DE41EFF2FE108E02DE585
S113B410D8FFFFEB0100A0330000A02308E09DE467
S113B4201EFF2FE181C0A0E1CCCAF0E10100001AA7
S113B43001C690E10600001A83C0A0E1CCCAF0E185
S113B4400100001A03C692E10100001A0000A0E303
S113B4501EFF2FE10100A0E31EFF2FE18120A0E1E8
S113B460022692E20C00002A0900005A3E3EE0E364
S113B470C22A53E00A00009A8135A0E1023183E335
S113B480A03A83E1020111E33302A0E1000060125B
S113B4901EFF2FE10000A0E31EFF2FE1010690E153
S113B4A00200001A020111E20201E0031EFF2FE173
S113B4B00000A0E31EFF2FE1000053E3000052034D
S113B4C00400001A000051E3000050030010E013D0
S113B4D00000E01352FDFFEA08D04DE200602DE9C0
S113B4E0030000EB04E09DE508D08DE20C00BDE80C
S113B4F01EFF2FE1030051E1F84F2DE90200500136
S113B5000040A0E10150A0E128A09DE50000A03387
S113B5100010A0333D00003A0200A0E10310A0E1B6
S113B5200280A0E10390A0E1520000EB0510A0E12D
S113B53000B0A0E10400A0E14E0000EB00B04BE03D
S113B54020204BE2197BA0E1187287E120C06BE256
S113B550387C87E1070055E1186BA0E1060054012F
S113B5600000A0330010A0330500003A01E0A0E37E
S113B570064054E01E12A0E13E1C81E10750C5E0E4
S113B5801E0BA0E100005BE32000000AA770B0E1FD
S113B5906660A0E10BE0A0E1070000EA064054E089
S113B5A00750C5E0044094E00550A5E0014094E252
S113B5B00050A5E201E05EE20600000A070055E142
S113B5C006005401F4FFFF2A044094E00550A5E06E
S113B5D001E05EE2F8FFFF1A34EBA0E115EC8EE126
S113B5E035E28EE1046090E00E40A0E10570A1E038
S113B5F0351BA0E10150A0E1111BA0E11E1281E165
S113B6001E0BA0E13E1C81E1000056E00110C7E0E2
S113B61000005AE330008A18F84FBDE81EFF2FE1FE
S113B6200000A0E31EFF2FE10000E0E31EFF2FE176
S113B630FCFFFFEA0000E0E31EFF2FE10000A0E3AF
S113B6401EFF2FE10000E0E31EFF2FE11EFF2FE1AC
S113B650FDFFFFEA0000A0E31EFF2FE1FCFFFFEA6D
S113B660FBFFFFEAFAFFFFEAF9FFFFEAF8FFFFEA50
S113B670F7FFFFEAF6FFFFEA10402DE9000051E36F
S113B6800200001A050000EB200080E2010000EA3D
S113B6900100A0E1010000EB1040BDE81EFF2FE116
S113B6A01C10A0E3010850E32008A021101041223F
S113B6B0010C50E32004A02108104122100050E3A3
S113B6C02002A0210410412208208FE20000D2E7CA
S113B6D0010080E01EFF2FE10403020201010101C9
S113B6E0000000000000000010402DE9E40100EB20
S113B6F030309FE5000053E3000093150300A001E0
S113B70024309FE5000053E3001093150310A001BB
S113B7100020A0E3C6D2FFEB10309FE5000053E306
S113B72088D6FF1BFEFFFFEAA8CE0000A4CE0000CF
S113B7304811000070402DE90050A0E11B0100EB0E
S113B740004050E21D00000A78309FE5000053E3FA
S113B7500200000A003094E5020053E3120000DA0C
S113B760013045E2010053E30800009A0200A0E31F
S113B7700410A0E1563412EF000050E30030E0035F
S113B780003084053D0100EB7040BDE81EFF2FE151
S113B790010055E30830A0030730E013002094E5CE
S113B7A0033094E7030052E1EFFFFF1A0030E0E3B7
S113B7B00000A0E3003084E57040BDE81EFF2FE1E7
S113B7C00000E0E3EFFFFFEA0000000004E02DE5E5
S113B7D01800A0E304109FE5563412EFFEFFFFEAC1
S113B7E02600020070402DE90140A0E1EF0000EBCB
S113B7F0005050E21700000A3C20A0E30010A0E330
S113B8000400A0E11DEEFFEB022AA0E3013BA0E34C
S113B81048109FE5000051E3042084E52C3084E5C2
S113B8200300000A003095E5020053E30000A0D3B2
S113B830060000DA0510A0E10C00A0E3563412EF74
S113B840010070E3100084150000A0130B0100EB4D
S113B8507040BDE81EFF2FE10000E0E3FBFFFFEABC
S113B8600000000010402DE9D00000EB001050E271
S113B8700B00000A34309FE5000053E30300000A84
S113B880003091E5020053E30100A0D3020000DA86
S113B8900900A0E3563412EFF80000EB1040BDE8B5
S113B8A01EFF2FE10100A0E11040BDE81EFF2FE1C3
S113B8B00000000070402DE908D04DE20140A0E1F5
S113B8C00250A0E1B90000EB006050E23000000A31
S113B8D0010055E32600000A020055E30900000AAE
S113B8E0000055E30D00000A610100EB1620A0E3FF
S113B8F00030E0E3002080E50300A0E108D08DE201
S113B9007040BDE81EFF2FE10C00A0E30610A0E18B
S113B910563412EF010070E30F00000A004084E087
S113B92074309FE5000053E3003096E50100000AFF
S113B930020053E3110000DA000054E318008DE81C
S113B940E8FFFFBA0A00A0E30D10A0E1563412EF9D
S113B950010070E30400A01104408615C70000EB49
S113B9600030A0E10300A0E108D08DE27040BDE802
S113B9701EFF2FE1043096E5034084E0E7FFFFEA71
S113B9803B0100EB0920A0E30030E0E3002080E568
S113B990D8FFFFEA0030E0E3D6FFFFEA0000000032
S113B9A070402DE910D04DE20160A0E10250A0E109
S113B9B07E0000EB004050E20E00000A003094E5E7
S113B9C00600A0E348008DE90C508DE504108DE2DB
S113B9D0563412EF010070E3043094150000451052
S113B9E00030831004308415A40000EB10D08DE2E5
S113B9F07040BDE81EFF2FE10000E0E3FAFFFFEA1C
S113BA0070402DE910D04DE20160A0E10250A0E1A8
S113BA10660000EB004050E20E00000A003094E59E
S113BA200500A0E348008DE90C508DE504108DE27B
S113BA30563412EF010070E30430941500004510F1
S113BA4000308310043084158C0000EB10D08DE29C
S113BA507040BDE81EFF2FE10000E0E3FAFFFFEABB
S113BA6064109FE564209FE5003091E5002092E595
S113BA70000083E0000052E30000521110402DE961
S113BA800A00003A0D20A0E1020053E10300009AED
S113BA90000081E51040BDE80300A0E11EFF2FE196
S113BAA00DC0A0E1012C80E202005CE1F7FFFF2A57
S113BAB0EF0000EB0C20A0E30030E0E3002080E581
S113BAC01040BDE80300A0E11EFF2FE188CD000077
S113BAD084CD00000030A0E30020E0E370402DE9B5
S113BAE0BC409FE510D04DE2832184E7013083E21E
S113BAF0140053E3FBFFFF1AA8309FE5000053E353
S113BB000A00000A0010A0E30120A0E30230A0E331
S113BB10001084E5082084E5103084E50130A0E3BA
S113BB20A03084E510D08DE27040BDE81EFF2FE107
S113BB300350A0E370609FE508308DE50C508DE55F
S113BB4004608DE504108DE20100A0E3563412EF89
S113BB500430A0E3000084E504608DE50C508DE51D
S113BB6008308DE503108DE00100A0E3563412EF98
S113BB700830A0E3080084E504608DE50C508DE5F1
S113BB8004108DE208308DE50100A0E3563412EF75
S113BB90010070E308309405100084E5103084053A
S113BBA0DDFFFFEA00CE00000000000024C3000017
S113BBB070402DE94C409FE5A03094E5000053E32C
S113BBC00050A0E10800000A130055E30800008AB1
S113BBD0853194E7010073E3854184100400000A71
S113BBE00400A0E17040BDE81EFF2FE1B8FFFFEBA9
S113BBF0F4FFFFEA9E0000EB0930A0E30040A0E35D
S113BC00003080E5F5FFFFEA00CE000070402DE92A
S113BC1064409FE5A03094E5000053E30050A0E1A8
S113BC201300000A0030A0E3832194E7010072E3CB
S113BC308321A0E10900000A013083E2140053E3E8
S113BC40F8FFFF1A8A0000EB0040A0E31830A0E3DD
S113BC50003080E50400A0E17040BDE81EFF2FE144
S113BC60024084E00400A0E1003085E57040BDE8B6
S113BC701EFF2FE196FFFFEBE9FFFFEA00CE000075
S113BC80010070E370402DE90040A0E10200000AC9
S113BC900400A0E17040BDE81EFF2FE1740000EB3A
S113BCA00010A0E30050A0E11300A0E3563412EF0B
S113BCB0000085E50400A0E17040BDE81EFF2FE10F
S113BCC0F0412DE998419FE5000054E308D04DE28E
S113BCD00200000A08D08DE2F041BDE81EFF2FE10A
S113BCE0010CA0E35DFFFFEB010070E30050A0E155
S113BCF0F7FFFF0A013CA0E30040C0E50D10A0E1FE
S113BD001500A0E300508DE504308DE5563412EFA4
S113BD100180A0E30860A0E10400A0E10470A0E1B8
S113BD2040419FE50520A0E10510A0E10030A0E31B
S113BD30007084E500C0D1E500005CE32F00000A38
S113BD40000053E3011081E20500001A000050E3F3
S113BD502800000A003094E5032180E7013083E2E3
S113BD60003084E520005CE31500000A27005CE352
S113BD7022005C130E00001A0030D1E5000053E3EA
S113BD800600001A1D0000EA000050E30030C2154E
S113BD900130F1E501208212000053E31700000A8C
S113BDA00C0053E1F7FFFF1A011081E20630A0E115
S113BDB0DFFFFFEA000050E300C0C2150120821239
S113BDC0F9FFFFEA000050E30600000A0070C2E534
S113BDD000C0D1E500005CE3012082E20700000A14
S113BDE0011081E2D8FFFFEA00C0D1E500005CE366
S113BDF00200000A011081E2003094E5D6FFFFEA58
S113BE00010058E30800000A020058E31200001A77
S113BE100030A0E30030C2E54C209FE5001094E51B
S113BE20013180E7000082E5A9FFFFEA050041E057
S113BE30100080E20F00C0E3010C40E207FFFFEBBB
S113BE40000094E5040080E20300C0E30001A0E1E7
S113BE5002FFFFEB010070E39DFFFF0A018088E20F
S113BE60AFFFFFEA00000000A8CE0000A4CE00004F
S113BE70FEFFFFEA10402DE954E9FFEB1040BDE856
S113BE801EFF2FE170402DE964609FE564509FE53B
S113BE90056046E04661B0E10040A0130500000AD9
S113BEA0014084E2043095E40FE0A0E113FF2FE1A8
S113BEB0040056E1F9FFFF1A3C609FE53C509FE502
S113BEC0056046E0170100EB4661B0E10040A013B5
S113BED00500000A014084E2043095E40FE0A0E18B
S113BEE013FF2FE1040056E1F9FFFF1A7040BDE88B
S113BEF01EFF2FE140C3000040C300005CC30000EC
S107BF0040C3000036
S107BF040000000035
S10BBF08ECF5FF7F01000000CD
S113BF104C61626F7261746F6972653A2054696D25
S113BF206572204952512000436F6E7374616E74C0
S113BF3065204944203A2030782578200A00000002
S113BF404572726F723A2076616C75652069732050
S113BF50746F6F20626967004572726F723A206D68
S113BF6061736B6C65647320697320746F6F2062F6
S113BF706967000057726F6E67206E756D62657237
S113BF802E2049742073686F756C6420626520628A
S113BF9065747765656E205B303A335D20616E644D
S113BFA0206E6F742025640A0000000056616C75D1
S113BFB065206E6F742061636365707465642E2000
S113BFC049742073686F75642062652062657774B4
S113BFD065656E205B3078303A3078665D20616E3E
S113BFE064206E6F742025640A00000057726F6E1F
S113BFF067206E756D6265722E2049742073686FB8
S113C000756C64206265206265747765656E205B7B
S113C010303A335D000000004E6F74206120766179
S113C0206C6964206D6F6465000000004E6F7420BD
S113C030612076616C696420696E746572727570D2
S113C04074206D61736B0000E0C300000A000000FF
S113C05020202020202020202020202020202020DC
S113C06030303030303030303030303030303030CC
S113C070494E4600696E66004E414E006E616E0088
S113C080303132333435363738394142434445460A
S113C09000000000303132333435363738396162CC
S113C0A06364656600000000286E756C6C290000EE
S113C0B030000000496E66696E6974790000000002
S113C0C04E614E0000000000050000001900000051
S113C0D07D00000000000000000000000000F03FB0
S113C0E0000000000000244000000000000059404F
S113C0F00000000000408F40000000000088C340A2
S113C10000000000006AF8400000000080842E4116
S113C11000000000D01263410000000084D7974162
S113C1200000000065CDCD41000000205FA0024268
S113C130000000E876483742000000A2941A6D42DD
S113C140000040E59C30A2420000901EC4BCD642D0
S113C15000003426F56B0C430080E03779C341437B
S113C16000A0D8855734764300C84E676DC1AB43F1
S113C170003D9160E458E143408CB5781DAF15440F
S113C18050EFE2D6E41A4B4492D54D06CFF08044EA
S113C190F64AE1C7022DB544B49DD9794378EA44FF
S113C1A0BC89D897B2D29C3C33A7A8D523F6493989
S113C1B03DA7F444FD0FA5329D978CCF08BA5B25AB
S113C1C0436FAC642806C80A0080E03779C3414352
S113C1D0176E05B5B5B89346F5F93FE9034F384DE9
S113C1E0321D30F94877825A3CBF737FDD4F157595
S113C1F0202020202020202020202020202020203B
S113C200303030303030303030303030303030302A
S113C21043000000504F5349580000002E00000016
S113C2200020202020202020202028282828282002
S113C23020202020202020202020202020202020FA
S113C2402088101010101010101010101010101062
S113C2501004040404040404040404101010101052
S113C260101041414141414101010101010101011C
S113C270010101010101010101010101101010106E
S113C28010104242424242420202020202020202EE
S113C2900202020202020202020202021010101042
S113C2A0200000000000000000000000000000006A
S113C2B0000000000000000000000000000000007A
S113C2C0000000000000000000000000000000006A
S113C2D0000000000000000000000000000000005A
S113C2E0000000000000000000000000000000004A
S113C2F0000000000000000000000000000000003A
S113C3000000000000000000000000000000000029
S113C3100000000000000000000000000000000019
S113C320000000003A7474000DC0A0E1F8DF2DE9AC
S113C33004B04CE228D04BE2F06F9DE81EFF2FE1E1
S113C340383A00008C590000A4590000C471000060
S113C350503A0000D8010000C0BC00000DC0A0E1AC
S113C360F8DF2DE904B04CE228D04BE2F06F9DE8F1
S113C3701EFF2FE1940100000000000040000000B7
S113C3804000000050CD000020010000000000002B
S113C39000000000000000003F0000000600000054
S113C3A05B0000004F000000660000006D0000000C
S113C3B07D000000070000007F0000006F00000007
S113C3C0770000007C000000390000005E000000DF
S113C3D07900000071000000E0C3000000000000CC
S113C3E000000000CCC6000034C700009CC7000059
S113C3F00000000000000000000000000000000039
S113C4000000000000000000000000000000000028
S113C4100000000000000000000000000000000018
S113C4200000000000000000000000000000000008
S113C43000000000000000000000000000000000F8
S113C44000000000000000000000000000000000E8
S113C45000000000000000000000000000000000D8
S113C46000000000000000000000000000000000C8
S113C47000000000000000000000000000000000B8
S113C48000000000000000000100000000000000A7
S113C4900E33CDAB34126DE6ECDE05000B0000006C
S113C4A00000000000000000000000000000000088
S113C4B00000000000000000000000000000000078
S113C4C00000000000000000000000000000000068
S113C4D00000000000000000000000000000000058
S113C4E00000000000000000000000000000000048
S113C4F00000000000000000000000000000000038
S113C5000000000000000000000000000000000027
S113C5100000000000000000000000000000000017
S113C5200000000000000000000000000000000007
S113C53000000000000000000000000000000000F7
S113C54000000000000000000000000000000000E7
S113C55000000000000000000000000000000000D7
S113C56000000000000000000000000000000000C7
S113C57000000000000000000000000000000000B7
S113C58000000000000000000000000000000000A7
S113C5900000000000000000000000000000000097
S113C5A00000000000000000000000000000000087
S113C5B00000000000000000000000000000000077
S113C5C00000000000000000000000000000000067
S113C5D00000000000000000000000000000000057
S113C5E00000000000000000000000000000000047
S113C5F00000000000000000000000000000000037
S113C6000000000000000000000000000000000026
S113C6100000000000000000000000000000000016
S113C6200000000000000000000000000000000006
S113C63000000000000000000000000000000000F6
S113C64000000000000000000000000000000000E6
S113C65000000000000000000000000000000000D6
S113C66000000000000000000000000000000000C6
S113C67000000000000000000000000000000000B6
S113C68000000000000000000000000000000000A6
S113C6900000000000000000000000000000000096
S113C6A00000000000000000000000000000000086
S113C6B00000000000000000000000000000000076
S113C6C00000000000000000000000000000000066
S113C6D00000000000000000000000000000000056
S113C6E00000000000000000000000000000000046
S113C6F00000000000000000000000000000000036
S113C7000000000000000000000000000000000025
S113C7100000000000000000000000000000000015
S113C7200000000000000000000000000000000005
S113C73000000000000000000000000000000000F5
S113C74000000000000000000000000000000000E5
S113C75000000000000000000000000000000000D5
S113C76000000000000000000000000000000000C5
S113C77000000000000000000000000000000000B5
S113C78000000000000000000000000000000000A5
S113C7900000000000000000000000000000000095
S113C7A00000000000000000000000000000000085
S113C7B00000000000000000000000000000000075
S113C7C00000000000000000000000000000000065
S113C7D00000000000000000000000000000000055
S113C7E00000000000000000000000000000000045
S113C7F00000000000000000000000000000000035
S113C8000000000000000000000000000000000024
S113C81008C8000008C8000010C8000010C80000C4
S113C82018C8000018C8000020C8000020C8000074
S113C83028C8000028C8000030C8000030C8000024
S113C84038C8000038C8000040C8000040C80000D4
S113C85048C8000048C8000050C8000050C8000084
S113C86058C8000058C8000060C8000060C8000034
S113C87068C8000068C8000070C8000070C80000E4
S113C88078C8000078C8000080C8000080C8000094
S113C89088C8000088C8000090C8000090C8000044
S113C8A098C8000098C80000A0C80000A0C80000F4
S113C8B0A8C80000A8C80000B0C80000B0C80000A4
S113C8C0B8C80000B8C80000C0C80000C0C8000054
S113C8D0C8C80000C8C80000D0C80000D0C8000004
S113C8E0D8C80000D8C80000E0C80000E0C80000B4
S113C8F0E8C80000E8C80000F0C80000F0C8000064
S113C900F8C80000F8C8000000C9000000C9000011
S113C91008C9000008C9000010C9000010C90000BF
S113C92018C9000018C9000020C9000020C900006F
S113C93028C9000028C9000030C9000030C900001F
S113C94038C9000038C9000040C9000040C90000CF
S113C95048C9000048C9000050C9000050C900007F
S113C96058C9000058C9000060C9000060C900002F
S113C97068C9000068C9000070C9000070C90000DF
S113C98078C9000078C9000080C9000080C900008F
S113C99088C9000088C9000090C9000090C900003F
S113C9A098C9000098C90000A0C90000A0C90000EF
S113C9B0A8C90000A8C90000B0C90000B0C900009F
S113C9C0B8C90000B8C90000C0C90000C0C900004F
S113C9D0C8C90000C8C90000D0C90000D0C90000FF
S113C9E0D8C90000D8C90000E0C90000E0C90000AF
S113C9F0E8C90000E8C90000F0C90000F0C900005F
S113CA00F8C90000F8C9000000CA000000CA00000C
S113CA1008CA000008CA000010CA000010CA0000BA
S113CA2018CA000018CA000020CA000020CA00006A
S113CA3028CA000028CA000030CA000030CA00001A
S113CA4038CA000038CA000040CA000040CA0000CA
S113CA5048CA000048CA000050CA000050CA00007A
S113CA6058CA000058CA000060CA000060CA00002A
S113CA7068CA000068CA000070CA000070CA0000DA
S113CA8078CA000078CA000080CA000080CA00008A
S113CA9088CA000088CA000090CA000090CA00003A
S113CAA098CA000098CA0000A0CA0000A0CA0000EA
S113CAB0A8CA0000A8CA0000B0CA0000B0CA00009A
S113CAC0B8CA0000B8CA0000C0CA0000C0CA00004A
S113CAD0C8CA0000C8CA0000D0CA0000D0CA0000FA
S113CAE0D8CA0000D8CA0000E0CA0000E0CA0000AA
S113CAF0E8CA0000E8CA0000F0CA0000F0CA00005A
S113CB00F8CA0000F8CA000000CB000000CB000007
S113CB1008CB000008CB000010CB000010CB0000B5
S113CB2018CB000018CB000020CB000020CB000065
S113CB3028CB000028CB000030CB000030CB000015
S113CB4038CB000038CB000040CB000040CB0000C5
S113CB5048CB000048CB000050CB000050CB000075
S113CB6058CB000058CB000060CB000060CB000025
S113CB7068CB000068CB000070CB000070CB0000D5
S113CB8078CB000078CB000080CB000080CB000085
S113CB9088CB000088CB000090CB000090CB000035
S113CBA098CB000098CB0000A0CB0000A0CB0000E5
S113CBB0A8CB0000A8CB0000B0CB0000B0CB000095
S113CBC0B8CB0000B8CB0000C0CB0000C0CB000045
S113CBD0C8CB0000C8CB0000D0CB0000D0CB0000F5
S113CBE0D8CB0000D8CB0000E0CB0000E0CB0000A5
S113CBF0E8CB0000E8CB0000F0CB0000F0CB000055
S113CC00F8CB0000F8CB000000CC000000CC000002
S113CC10FFFFFFFF000002004300000000000000CF
S113CC200000000000000000000000000000000000
S113CC3000000000000000004300000000000000AD
S113CC4000000000000000000000000000000000E0
S113CC50000000000000000043000000000000008D
S113CC6000000000000000000000000000000000C0
S113CC70000000000000000043000000000000006D
S113CC8000000000000000000000000000000000A0
S113CC90000000000000000043000000000000004D
S113CCA00000000000000000000000000000000080
S113CCB0000000000000000043000000000000002D
S113CCC00000000000000000000000000000000060
S113CCD0000000000000000043000000000000000D
S113CCE00000000000000000000000000000000040
S113CCF00000000000000000A0A70000D8A0000071
S113CD000000000020C200001CC2000090C000000F
S113CD1090C0000090C0000090C0000090C00000CF
S113CD2090C0000090C0000090C0000090C00000BF
S113CD30FFFFFFFFFFFFFFFFFFFFFFFFFFFF0000FD
S113CD400100415343494900000000000000000075
S113CD5000000000000000000000000000000000CF
S113CD600000415343494900000000000000000056
S113CD7000000000000000000000000000000000AF
S113CD8000000000F8FFFF3FB0CE000000000000EC
S9030120DB
